elo,match32,top3_32,cploss32,match256,top3_256,cploss256,match4096,top3_4096,cploss4096,match65536,top3_65536,cploss65536
1661,0,0,30,0,0,68,0,0,146,0,0,164
1530,0,0,110,0,0,68,0,1,15,0,1,96
2189,0,1,163,0,1,163,0,1,62,0,1,63
1556,0,1,352,0,0,109,1,1,43,1,1,13
1833,0,1,73,0,1,45,0,1,201,0,0,241
2101,0,1,0,1,1,40,1,1,18,1,1,10
1696,0,0,1,1,1,50,0,1,0,0,1,27
924,0,0,52,0,1,137,0,0,181,0,0,184
2205,0,0,15,0,1,12,1,1,13,0,1,45
1229,0,0,15,1,1,2,1,1,0,1,1,3
1748,0,0,63,0,0,72,0,0,136,0,0,98
1957,0,1,542,0,0,587,0,0,38,0,1,15
2344,0,0,420,0,0,438,0,0,423,0,0,421
2234,0,0,87,0,0,80,1,1,0,0,1,13
1190,0,0,13,0,1,61,0,0,27,0,0,48
1413,1,1,9,1,1,13,1,1,47,0,0,6
1992,0,1,18,0,0,28,0,0,10,0,1,21
944,0,1,199,0,1,173,1,1,0,1,1,5
1096,0,0,405,0,0,405,0,0,491,0,0,553
1957,0,1,0,1,1,45,0,1,66,1,1,19
1523,0,0,2,0,0,201,0,1,0,1,1,0
1659,1,1,20,1,1,0,0,1,63,0,0,126
1715,0,1,0,1,1,2,0,1,3,0,0,0
1913,1,1,0,1,1,0,1,1,0,1,1,0
1197,0,0,18,0,1,25,0,0,98,0,0,125
1913,0,1,45,0,1,1,0,0,40,0,0,104
1760,0,1,20,0,1,58,1,1,87,1,1,0
2187,0,0,141,0,0,0,1,1,1306,0,1,0
2108,0,0,6,0,1,84,0,0,4,1,1,12
1908,1,1,0,1,1,0,0,1,96,0,0,122
1399,0,1,39,0,1,92,0,1,0,1,1,0
1510,1,1,48,1,1,276,1,1,37,1,1,0
1824,0,1,2,0,1,30,0,1,31,1,1,11
1951,1,1,0,1,1,34,1,1,20,0,1,25
1827,0,1,41,0,1,0,0,1,0,0,1,51
1432,0,1,5,0,1,85,0,0,25,1,1,0
1007,1,1,0,1,1,0,0,1,1,0,1,0
1231,1,1,0,1,1,0,1,1,2,0,1,0
1913,0,0,46,0,1,59,0,1,11,0,1,88
1301,0,0,0,1,1,5,0,1,0,1,1,16
1500,0,0,1778,0,0,1778,0,0,1789,0,0,1688
2146,1,1,0,1,1,13,1,1,0,1,1,6
1554,0,1,133,0,1,383,0,0,520,0,0,578
1115,1,1,129,0,0,126,0,0,47,0,1,6
1670,0,1,54,0,0,51,0,1,69,0,1,67
1675,0,1,90,0,0,29,0,1,5,0,1,50
1739,1,1,37,1,1,395,0,1,6,0,1,7
1759,0,0,35,0,1,57,0,0,15,0,1,17
1813,0,0,20,0,1,66,0,0,14,1,1,23
2018,1,1,0,1,1,58,0,1,0,0,0,42
925,1,1,0,1,1,0,0,1,228,0,1,4
1495,0,1,56,1,1,0,1,1,0,1,1,0
1017,0,0,104,0,0,293,0,0,167,0,0,63
1977,0,1,30,0,1,94,0,1,98,1,1,29
1851,0,1,98,0,1,0,1,1,22,1,1,4
1678,0,1,143,0,1,83,0,1,166,0,1,311
1676,0,1,0,1,1,14,1,1,0,1,1,0
1643,0,0,44,0,0,47,0,0,47,0,0,68
1155,0,0,0,0,1,138,0,0,117,0,0,162
1819,1,1,0,1,1,35,0,1,63,0,1,39
1108,0,0,13,0,0,73,0,0,76,0,0,126
2242,0,0,10,0,1,76,0,0,209,0,0,186
1854,1,1,64,0,0,0,0,1,10,0,1,34
1096,0,0,1,1,1,28,0,1,10,0,1,11
1621,0,1,18,0,0,14,0,0,1,0,1,0
1478,0,0,53,0,0,46,0,1,26,0,1,118
1439,0,0,146,0,1,30,0,1,0,0,0,76
2149,0,0,85,0,1,17,0,1,84,1,1,73
1637,1,1,2,1,1,0,1,1,0,0,1,6
2182,1,1,45,1,1,43,1,1,0,1,1,106
1262,1,1,1,1,1,39,1,1,20,0,1,0
1714,1,1,85,0,0,82,0,0,97,0,0,71
1482,0,0,16,0,0,17,1,1,0,1,1,41
2351,0,1,11,0,1,201,0,1,65,0,0,126
1731,1,1,0,1,1,0,1,1,3,1,1,0
939,0,0,56,0,0,21,0,1,48,0,1,49
1996,0,0,15,0,0,0,0,1,0,0,1,0
1067,0,1,0,1,1,82,1,1,0,1,1,14
1515,0,1,0,1,1,0,0,1,44,0,1,23
1551,0,0,0,0,0,23,1,1,0,1,1,0
1283,0,0,0,0,1,62,1,1,0,0,0,137
1033,0,1,0,1,1,47,0,1,43,0,1,0
1523,0,1,42,0,1,68,0,0,45,0,1,3
2104,0,0,34,0,0,66,0,0,51,0,0,15
1951,1,1,0,1,1,0,1,1,0,1,1,21
2006,0,0,18,0,1,40,0,0,0,1,1,7
993,0,1,35,0,1,121,1,1,0,0,1,43
1542,1,1,18,1,1,8,0,1,85,0,1,129
2203,1,1,52,0,0,98,0,0,66,0,0,127
871,0,1,44,0,1,226,0,0,29,0,1,23
1182,0,0,90,0,0,102,1,1,74,0,0,16
2445,0,0,21,0,0,19,0,1,40,0,0,85
1159,0,1,0,1,1,0,0,1,0,1,1,0
983,0,0,843,0,0,955,0,0,1007,0,0,1073
1916,1,1,21,1,1,24,1,1,0,1,1,31
1778,0,0,0,1,1,72,0,1,49,0,1,59
2340,1,1,0,1,1,42,1,1,8,1,1,0
1681,1,1,0,1,1,0,0,1,42,0,1,0
1145,0,1,95,0,1,58,0,1,46,0,1,58
1948,0,1,146,0,1,25,0,1,113,0,1,0
1903,0,1,6,0,1,38,0,0,50,0,0,71
1278,0,0,38,0,1,83,0,0,46,0,0,72
2291,0,0,24,0,1,22,0,0,31,0,0,25
2410,1,1,0,1,1,39,1,1,37,1,1,0
1965,0,0,316,0,0,189,0,0,242,0,0,222
1706,0,0,80,0,0,51,0,0,0,0,1,14
1396,0,0,224,0,0,244,0,0,245,0,0,245
1876,0,0,164,0,0,155,0,0,137,0,0,140
2335,1,1,0,1,1,4,0,0,49,0,1,8
1362,0,1,22,0,1,11,0,1,45,1,1,0
2200,0,1,0,0,0,53,1,1,19,0,1,113
1661,1,1,0,1,1,0,1,1,0,1,1,0
1562,0,0,76,0,0,164,0,0,286,0,0,256
1052,0,1,25,0,1,35,0,1,75,0,0,80
1864,1,1,0,0,1,40,0,0,57,0,0,16
1850,0,1,42,0,1,52,0,1,107,0,0,323
2034,0,0,12,0,1,24,0,1,30,0,0,24
2245,0,0,26,0,1,113,0,0,112,0,0,152
1106,0,0,428,0,0,428,0,0,423,0,0,355
2122,0,1,0,1,1,37,0,1,0,1,1,0
2259,0,1,0,1,1,16,0,1,64,0,1,17
1225,0,1,0,1,1,10,1,1,45,1,1,0
1551,1,1,0,0,1,76,0,1,0,0,0,287
900,0,0,262,0,0,186,0,0,212,0,0,195
2689,1,1,0,1,1,0,1,1,38,1,1,4
1721,1,1,0,1,1,0,1,1,0,1,1,0
1609,0,1,0,1,1,0,0,1,669,0,0,473
1542,0,0,61,0,0,254,0,0,343,0,0,389
1557,0,1,0,1,1,0,1,1,40,1,1,3
1737,0,0,0,0,1,23,0,1,26,0,0,25
1706,0,1,13,0,1,0,0,1,110,0,1,65
2050,1,1,0,1,1,38,1,1,23,0,0,26
2232,0,1,0,1,1,0,1,1,0,1,1,24
2085,0,1,6,0,1,7,0,1,0,1,1,10
2096,1,1,143,0,0,0,1,1,22,1,1,0
1542,0,0,397,0,0,656,0,0,265,0,0,214
1086,0,0,113,0,0,0,1,1,0,0,1,13
1646,0,0,162,0,0,193,0,0,87,0,0,103
1871,0,0,48,0,1,129,0,0,35,0,0,6
2101,0,0,71,0,0,158,0,1,20,0,1,50
1598,0,1,0,1,1,26,1,1,20,1,1,53
1313,0,0,0,1,1,44,0,0,97,0,0,38
1886,0,0,36,0,1,42,1,1,53,0,1,22
1059,0,1,14,0,1,57,1,1,41,0,1,0
1766,0,0,139,0,0,94,0,0,71,0,1,92
1867,0,1,0,1,1,67,1,1,137,0,0,28
2468,1,1,0,1,1,0,1,1,14,0,1,0
1821,1,1,0,1,1,0,1,1,24,1,1,42
2721,0,0,0,1,1,28,0,0,146,0,1,68
1009,0,0,89,0,0,62,0,0,63,0,1,47
1292,0,1,0,0,1,77,0,0,132,0,0,95
1947,1,1,0,1,1,0,1,1,0,0,1,1
2600,0,1,56,0,0,56,0,0,1,0,1,51
1397,0,1,2,0,1,0,0,1,0,0,1,3
1923,0,0,197,0,1,226,0,0,86,0,0,161
2362,0,0,43,0,1,61,0,0,64,0,0,51
1731,0,0,26,0,1,51,0,1,203,0,1,201
824,1,1,0,1,1,0,1,1,0,1,1,0
1215,0,1,39,0,1,32,0,1,29,0,1,0
1338,0,0,110,0,0,21,0,0,17,0,0,19
2392,0,0,20,0,1,61,0,0,137,0,0,107
2568,0,0,16,0,0,61,0,0,5,0,0,0
1772,1,1,0,1,1,39,0,1,9,0,1,6
1448,0,0,258,0,0,338,0,0,329,0,0,303
1002,1,1,0,1,1,8,0,0,45,0,0,84
1665,0,0,2506,0,0,2506,0,0,2504,0,0,2541
1599,0,1,0,1,1,7,1,1,0,1,1,21
2377,1,1,0,1,1,111,0,1,51,1,1,0
1774,0,0,0,0,1,6,0,0,2,1,1,0
2242,0,0,0,1,1,24,0,0,33,0,0,29
1748,1,1,0,1,1,50,1,1,0,1,1,0
1539,0,0,20,0,0,23,0,1,1,1,1,0
2138,0,0,0,1,1,99,0,1,63,0,0,48
2165,0,0,114,0,0,155,1,1,51,1,1,19
2534,0,0,9,0,1,13,0,0,60,0,0,27
1535,0,0,0,1,1,0,0,0,38,0,1,0
741,1,1,231,1,1,345,0,1,34,0,1,50
1917,1,1,4,1,1,230,0,0,116,0,0,216
1191,0,0,196,0,0,331,0,0,320,0,0,328
1998,0,0,43,0,0,47,0,0,41,0,0,25
883,1,1,2448,0,0,2375,0,0,2437,0,0,2392
1110,0,1,0,1,1,53,0,0,85,0,0,52
1399,0,0,27,0,1,115,0,0,252,0,0,257
2131,0,0,62,0,0,70,0,0,1420,0,1,0
1672,1,1,0,1,1,9,0,1,7,0,1,1
1930,0,1,34,0,0,405,0,1,33,0,1,14
2526,0,0,70,0,0,83,0,0,31,0,0,19
1572,1,1,0,1,1,0,1,1,0,1,1,0
1449,0,0,409,0,0,153,0,0,216,0,0,160
2354,1,1,86,1,1,85,1,1,15,1,1,3
1968,0,1,26,0,1,27,0,1,150,1,1,32
1361,0,0,0,1,1,68,0,0,56,0,0,59
1170,1,1,0,0,1,29,0,1,26,0,1,25
1814,0,0,15,0,0,61,0,0,39,0,0,0
2042,1,1,0,1,1,25,1,1,101,1,1,34
2307,0,1,206,0,1,213,1,1,0,1,1,999
1873,1,1,0,1,1,0,0,1,14,1,1,0
1966,0,0,37,0,1,34,0,1,69,0,0,114
2103,0,0,147,0,0,82,0,0,73,0,0,39
1757,0,0,67,0,0,92,0,0,93,0,0,53
1569,0,1,0,1,1,36,1,1,66,1,1,23
2412,0,0,860,0,0,991,0,0,2783,0,0,2911
1873,0,0,17,0,0,55,0,0,38,0,0,43
1659,1,1,0,1,1,44,1,1,44,1,1,0
1763,0,0,44,0,0,82,0,0,62,0,0,58
1461,1,1,0,1,1,0,1,1,0,0,1,1
1843,1,1,0,1,1,19,1,1,77,1,1,12
880,0,1,64,0,1,33,0,0,12,0,1,0
1281,0,0,105,0,1,101,0,0,77,0,0,39
1250,0,1,17,0,1,22,0,1,29,0,1,0
1243,1,1,189,0,0,245,0,0,187,0,0,250
1928,0,0,49,0,0,39,0,1,38,0,1,36
1355,1,1,0,1,1,0,1,1,6,1,1,17
1979,0,0,17,0,0,14,0,0,4,0,1,11
2172,0,0,55,0,0,258,0,0,122,0,0,123
2013,1,1,0,1,1,5,1,1,0,1,1,17
1148,0,1,0,1,1,8,0,0,106,0,0,177
1656,1,1,0,1,1,8,0,0,40,0,1,50
1937,1,1,0,0,1,21,0,1,30,0,0,58
1886,1,1,0,1,1,25,1,1,22,1,1,17
2292,0,0,18,0,0,24,1,1,0,1,1,9
2603,1,1,48,0,1,20,0,1,110,0,0,72
1461,0,0,0,1,1,27,0,0,0,0,1,0
1985,0,0,0,1,1,3,0,0,3,0,0,0
2319,0,1,93,0,0,138,0,0,55,0,0,91
1994,0,0,28,0,0,28,0,1,18,0,1,24
1910,1,1,0,1,1,52,0,1,97,0,0,135
1633,1,1,0,1,1,0,1,1,13,1,1,0
1641,1,1,58,0,1,52,1,1,52,1,1,0
1856,0,0,486,0,0,578,0,0,17,0,1,0
1093,0,0,108,0,1,158,0,1,104,0,0,151
1942,0,1,50,1,1,40,0,1,0,0,1,7
2406,0,1,0,1,1,33,1,1,0,1,1,38
1093,0,0,26,0,0,54,0,0,29,0,0,24
903,0,1,47,0,1,47,0,0,65,0,0,195
1467,1,1,0,1,1,12,1,1,0,1,1,18
1562,1,1,0,1,1,57,1,1,48,1,1,10
1145,0,1,35,0,1,15,0,1,28,1,1,3
2133,1,1,24,0,1,127,0,0,123,0,0,28
1768,0,0,23,0,1,81,0,0,35,0,0,47
1532,0,0,31,0,1,360,0,1,41,0,0,104
1877,1,1,36,0,0,31,0,0,59,0,0,66
1959,0,0,16,0,0,23,1,1,0,1,1,17
2035,0,1,0,1,1,0,0,1,46,0,1,5
951,0,0,96,0,0,8,0,0,53,0,0,20
1920,1,1,10,1,1,5,0,0,16,0,1,4
1970,0,1,5,0,1,2,0,1,13,1,1,0
1959,0,0,42,0,0,69,0,0,37,0,0,68
1073,0,0,129,0,0,134,0,0,100,0,0,151
1384,1,1,0,1,1,0,1,1,49,1,1,0
1814,0,0,0,1,1,39,1,1,16,0,0,10
2565,0,0,0,1,1,4,1,1,0,0,1,2
1760,0,0,31,0,0,36,0,0,14,0,0,21
1135,0,1,46,0,1,0,0,1,0,1,1,2
1566,0,0,87,0,0,100,0,0,232,0,0,125
1669,0,0,49,0,0,149,0,0,102,0,0,67
2050,1,1,0,1,1,4,1,1,14,0,1,0
2215,1,1,0,1,1,37,1,1,41,0,0,32
2092,1,1,0,1,1,113,1,1,41,1,1,5
2273,0,1,52,0,1,49,0,1,80,0,1,0
2038,0,1,47,0,1,44,0,0,50,0,0,17
2342,0,0,51,0,1,100,0,1,82,0,1,138
1582,0,0,0,1,1,26,0,1,0,0,1,11
1633,0,1,0,1,1,0,0,0,62,0,0,58
1600,1,1,19,1,1,0,1,1,35,1,1,0
1096,0,0,6,0,1,35,0,0,93,0,1,15
1018,0,0,12,1,1,0,1,1,0,1,1,0
1985,0,1,20,0,1,124,1,1,0,1,1,0
1933,1,1,0,1,1,124,0,0,37,1,1,3
2542,0,1,31,0,1,0,1,1,40,1,1,0
848,1,1,0,1,1,360,0,0,85,0,0,48
1420,0,1,48,0,0,121,0,1,25,0,1,59
1766,1,1,5,1,1,0,1,1,0,1,1,0
2043,0,0,43,0,1,72,0,1,12,1,1,24
2219,0,0,17,0,0,9,0,0,46,0,0,28
2098,0,0,239,0,0,271,0,0,383,0,0,283
1712,0,0,119,0,0,123,0,0,4,0,0,1496
1058,0,1,33,0,0,43,0,1,48,0,0,36
1704,0,1,34,0,0,34,0,0,40,0,0,55
1888,1,1,0,1,1,50,1,1,9,1,1,0
2178,0,0,77,0,1,73,0,1,131,0,1,16
1346,0,1,14,0,1,43,0,0,58,0,0,58
1178,0,0,228,0,0,244,0,0,99,0,0,209
2107,0,0,116,0,0,119,0,0,0,0,1,63
1795,1,1,0,1,1,55,1,1,22,1,1,8
1876,0,0,112,0,0,126,0,0,147,0,0,134
2268,0,0,52,0,0,23,0,1,122,0,1,131
977,0,1,34,0,1,15,0,0,41,0,0,0
1601,0,0,22,0,1,39,0,0,0,0,1,28
1457,0,1,60,0,1,51,0,1,5,0,1,38
1375,1,1,0,1,1,23,1,1,0,1,1,22
2493,1,1,91,0,0,116,1,1,66,1,1,68
1872,1,1,0,1,1,5,1,1,11,1,1,26
1142,0,1,59,0,0,34,0,1,9,0,1,0
1816,0,0,147,0,0,41,0,1,36,0,1,59
1197,0,1,54,0,1,64,1,1,105,1,1,0
2132,0,0,20,0,0,45,0,0,32,0,0,22
1776,1,1,0,1,1,0,0,1,36,0,1,72
1831,0,0,31,0,0,57,0,0,214,0,0,153
1564,0,0,77,0,1,111,0,0,70,0,0,37
2144,0,0,76,0,0,97,0,0,73,0,0,94
1861,0,1,55,0,0,67,1,1,180,1,1,22
2125,0,1,15,0,1,41,1,1,14,1,1,24
1427,1,1,57,1,1,50,0,1,0,1,1,0
2004,0,0,336,0,0,0,0,0,13,1,1,1103
1696,0,1,5,0,1,30,0,0,29,0,0,95
1556,0,0,22,0,1,35,0,0,85,0,0,20
1762,0,1,0,1,1,142,0,1,18,0,1,14
1715,0,0,0,0,0,0,0,0,2,0,0,1
1459,1,1,0,1,1,0,1,1,96,1,1,29
1585,0,0,0,1,1,7,1,1,2,0,0,26
1879,0,0,0,1,1,0,1,1,0,1,1,0
1905,0,0,0,1,1,76,0,0,61,0,0,22
1397,0,0,0,0,1,56,0,0,26,0,1,0
1086,0,1,27,0,0,5,0,0,9,1,1,16
2284,1,1,52,0,1,0,0,0,54,1,1,0
1522,0,0,121,0,0,115,0,0,347,0,0,319
1118,0,0,41,0,0,43,0,0,60,0,0,65
1081,0,0,63,0,1,15,0,1,60,0,0,65
1113,0,0,60,0,0,40,0,0,80,0,0,52
1906,1,1,0,1,1,6,1,1,9,1,1,3
1182,1,1,0,1,1,16,1,1,16,1,1,0
1735,0,0,45,0,1,43,0,0,82,0,0,93
1787,0,1,0,1,1,0,0,0,48,0,1,14
1500,0,0,130,0,0,141,0,0,26,0,1,0
2647,0,0,0,1,1,25,1,1,25,0,0,30
1521,0,1,318,0,1,358,1,1,71,0,1,0
2231,0,0,39,0,0,66,0,0,70,0,1,71
1996,0,0,544,0,1,70,0,1,59,0,1,0
1236,0,1,38,0,1,37,0,1,233,0,1,48
1884,0,0,66,0,0,84,0,0,228,0,0,282
1975,1,1,31,0,1,9,0,0,88,0,0,138
1909,0,0,13,0,0,21,1,1,25,0,1,24
2066,1,1,0,1,1,13,1,1,51,1,1,22
1281,0,0,57,0,1,50,0,1,17,0,1,10
1531,1,1,2,0,1,0,1,1,0,0,0,1
2055,1,1,2,1,1,0,1,1,0,1,1,9
1690,1,1,85,0,1,143,1,1,0,0,1,0
1991,1,1,0,1,1,0,1,1,0,1,1,0
1655,0,1,405,0,0,456,0,1,517,0,1,531
1093,0,0,117,0,0,111,0,0,188,0,0,138
2167,0,1,68,0,0,495,0,0,86,0,0,112
1959,0,0,120,0,0,120,0,0,238,0,0,127
2345,1,1,0,1,1,25,1,1,21,1,1,0
1069,0,0,79,0,0,225,0,0,189,0,0,303
1652,0,1,18,0,1,18,0,1,0,0,1,20
1652,0,0,3164,0,0,3135,0,0,3241,0,0,3408
2106,1,1,0,1,1,0,1,1,3,1,1,0
1842,0,0,0,0,1,28,0,1,9,0,0,29
1687,1,1,0,1,1,0,1,1,0,1,1,5
832,0,0,73,0,0,77,0,0,72,0,1,35
2107,0,1,0,1,1,24,1,1,66,0,1,34
1696,0,1,1,0,1,23,0,1,10,1,1,9
1174,0,1,0,1,1,0,0,1,37,0,1,30
1410,1,1,0,1,1,20,1,1,1,0,1,18
968,0,0,0,1,1,9,1,1,19,0,0,4
2194,1,1,26,0,1,14,0,1,35,1,1,0
1895,0,0,60,1,1,44,0,1,26,1,1,21
1807,0,0,10,0,1,49,0,0,72,0,1,21
1020,0,0,19,0,1,10,0,0,93,0,1,20
1528,0,0,26,0,0,0,1,1,0,1,1,24
2399,0,0,147,0,0,44,0,0,15,0,0,33
1752,0,0,555,0,0,668,0,0,698,0,0,769
1844,0,1,71,0,1,72,1,1,0,1,1,0
1965,0,0,13,0,1,56,0,0,4,0,0,12
1437,1,1,0,1,1,6,1,1,0,0,1,0
1018,0,1,0,1,1,32,0,1,12,0,1,14
1163,0,0,0,1,1,22,1,1,0,1,1,8
1675,0,1,54,0,1,99,1,1,0,1,1,0
2235,0,1,6,0,1,3,0,1,84,1,1,11
1238,1,1,22,1,1,23,1,1,0,1,1,0
1729,1,1,0,1,1,114,0,1,75,1,1,0
1990,0,0,1565,0,0,0,0,1,0,0,1,0
1563,0,0,1,0,1,153,0,0,38,0,0,48
1700,0,1,20,0,1,50,0,1,72,0,1,99
1668,0,1,23,0,1,43,0,0,6,0,0,17
1474,0,1,181,0,0,164,0,0,141,0,0,1813
1632,1,1,16,0,1,143,0,0,81,0,0,40
1912,1,1,0,1,1,32,0,0,62,0,0,90
1123,0,0,245,0,0,232,0,0,375,0,0,394
1554,0,1,61,0,1,101,0,0,118,0,0,96
1090,0,0,74,0,0,74,0,0,128,0,0,87
1005,1,1,121,0,0,0,0,1,200,0,1,226
1749,0,1,91,0,1,140,0,1,133,0,1,41
1708,0,1,232,0,1,0,0,1,2,0,0,1
1811,1,1,97,1,1,0,0,1,99,0,1,144
1609,1,1,0,1,1,36,1,1,0,1,1,19
1336,1,1,6,1,1,193,0,0,46,0,1,65
1609,0,1,0,1,1,50,1,1,15,0,1,34
1629,0,1,0,0,1,0,1,1,0,1,1,0
1584,0,0,4,0,1,34,0,1,0,1,1,0
1535,0,0,91,0,0,146,0,0,303,0,0,382
1988,0,1,38,0,1,133,0,1,14,1,1,16
902,1,1,0,1,1,0,1,1,0,1,1,0
2526,1,1,29,0,1,17,0,1,11,0,0,0
916,0,0,194,0,0,196,0,0,84,0,0,83
2057,0,0,296,0,1,279,0,1,218,0,1,329
1864,0,1,36,0,0,132,1,1,51,0,0,50
996,0,0,68,0,0,0,0,1,0,0,1,17
2166,0,0,3,0,1,0,0,1,0,0,0,298
1512,0,1,0,1,1,60,0,1,45,0,0,102
743,1,1,0,1,1,55,1,1,32,1,1,67
1381,0,1,1,0,1,0,0,1,0,0,0,0
1984,0,1,2,0,0,0,1,1,0,1,1,0
963,0,1,0,1,1,105,0,0,49,0,0,56
2115,0,1,129,0,1,0,0,1,0,0,1,72
1686,0,0,69,0,0,81,0,0,285,0,0,309
1542,0,0,39,0,1,93,0,1,222,0,0,239
1062,0,1,4,0,1,14,0,1,19,0,1,0
1554,0,1,0,0,1,29,1,1,87,0,1,18
1879,0,0,42,0,0,75,0,0,127,0,0,181
983,0,1,0,1,1,63,1,1,0,1,1,0
2262,1,1,0,1,1,38,1,1,52,1,1,0
1542,0,0,50,0,0,0,1,1,100,0,0,48
1344,1,1,0,1,1,99,0,0,119,1,1,0
2547,1,1,0,1,1,39,0,1,73,0,1,68
1591,1,1,0,1,1,30,1,1,0,1,1,14
1509,0,1,308,0,1,219,0,1,107,0,1,154
1665,0,0,4,0,1,20,0,0,15,0,0,3
1425,0,0,5,0,1,15,0,1,67,0,1,13
2108,0,0,54,0,0,33,0,0,18,0,1,10
1454,0,0,67,0,0,27,0,0,292,0,0,534
2187,1,1,521,0,1,96,0,1,86,1,1,16
1163,1,1,0,1,1,0,1,1,0,1,1,0
1432,0,0,0,1,1,48,1,1,99,0,0,24
2039,0,0,2,0,1,0,1,1,38,1,1,11
996,0,0,0,1,1,48,0,0,13,0,0,37
1976,0,1,23,1,1,0,1,1,23,0,1,30
1213,0,1,32,0,0,27,0,0,187,0,0,203
1912,1,1,0,1,1,0,1,1,0,0,1,0
1246,0,0,12,0,1,62,0,0,60,0,0,49
937,0,0,407,0,1,0,0,1,16,1,1,0
1734,0,1,88,0,1,195,0,0,146,0,0,109
2579,1,1,0,1,1,53,0,1,17,0,0,92
2313,0,0,164,0,0,164,0,0,149,0,1,140
1245,0,1,19,0,1,9,0,0,15,0,1,36
1366,0,0,131,0,0,185,0,0,127,0,0,95
1606,0,0,3,0,1,12,0,0,37,0,0,59
1007,0,1,92,0,1,73,1,1,0,1,1,0
2061,0,0,17,0,0,14,0,1,7,1,1,0
1452,0,0,72,0,0,104,0,0,1809,0,0,2
1213,0,1,236,0,1,0,1,1,0,1,1,0
1966,0,0,20,0,1,4,1,1,0,1,1,0
2129,1,1,14,0,1,24,0,0,246,0,0,316
1710,0,0,134,0,0,220,0,0,296,0,0,337
1500,1,1,0,1,1,128,1,1,47,1,1,101
1599,0,0,384,0,0,368,0,0,344,0,0,190
2002,1,1,7,0,1,53,0,0,114,0,0,234
886,0,1,21,0,1,8,0,1,51,0,1,54
1801,1,1,48,1,1,23,1,1,28,1,1,0
2546,0,1,54,0,1,654,0,1,2894,0,0,2
1566,1,1,0,1,1,27,0,1,17,0,1,34
1243,1,1,90,0,1,1,0,1,154,0,0,92
1401,0,0,0,1,1,11,1,1,0,1,1,11
2325,0,1,1,0,0,0,0,1,0,0,0,0
2086,1,1,24,1,1,1,1,1,15,1,1,0
1827,1,1,0,1,1,0,1,1,0,0,1,45
1725,1,1,0,1,1,24,1,1,29,1,1,5
2467,1,1,0,1,1,0,0,1,0,1,1,0
1967,0,1,0,1,1,0,1,1,0,1,1,0
1257,0,0,56,0,0,6,0,1,23,0,0,10
1399,1,1,0,0,1,0,0,1,0,0,1,0
1842,0,0,111,0,0,80,0,1,202,0,0,220
1872,0,0,15,0,0,53,0,0,56,0,0,110
1723,0,0,150,0,0,26,0,1,11,0,1,52
2152,0,1,0,1,1,33,1,1,4,1,1,7
1626,0,0,647,0,0,619,0,0,591,0,0,745
1398,1,1,0,1,1,31,0,1,0,1,1,0
1316,1,1,0,1,1,9,0,1,14,0,1,22
2108,0,0,90,0,0,87,0,0,170,0,0,72
1558,0,0,50,0,0,71,0,0,98,0,0,51
1936,0,1,0,1,1,69,0,1,0,1,1,36
1145,1,1,85,1,1,0,0,1,29,0,1,2
1162,1,1,0,1,1,25,1,1,5,0,1,0
1966,1,1,18,1,1,0,0,1,0,0,0,201
1911,1,1,0,1,1,0,1,1,0,1,1,0
1656,0,0,324,0,0,338,0,0,169,0,0,455
1773,1,1,1983,0,0,1926,0,0,1926,0,0,1898
2231,1,1,0,1,1,0,1,1,0,1,1,0
1500,0,0,155,0,0,220,0,0,156,0,0,228
2052,1,1,0,1,1,0,1,1,4,1,1,0
1941,0,1,0,1,1,0,1,1,0,0,1,0
1573,0,1,0,1,1,41,0,1,0,1,1,0
1704,0,0,0,1,1,53,0,0,14,0,0,68
2304,0,1,862,0,1,394,0,1,382,0,1,336
1542,0,0,71,0,0,110,0,0,90,0,1,63
1300,0,1,0,0,1,87,0,0,22,0,1,4
1831,1,1,126,0,1,0,1,1,55,1,1,0
1871,1,1,38,0,1,82,0,1,16,0,0,30
1239,0,1,55,0,1,29,0,1,37,0,0,55
816,0,0,182,0,0,100,0,0,64,0,1,91
1839,1,1,0,1,1,82,0,0,73,0,1,13
1401,0,0,0,1,1,13,1,1,0,1,1,43
2035,0,0,10,0,1,19,1,1,35,1,1,0
1528,0,0,3137,0,0,1,0,1,1,0,1,1
2150,0,1,0,1,1,41,0,1,70,1,1,2
1999,0,1,7,0,1,32,0,0,11,0,1,5
1727,0,0,0,1,1,22,0,0,17,0,0,25
1628,0,1,0,1,1,107,1,1,74,1,1,2
1609,1,1,2,1,1,35,1,1,27,0,1,0
1224,1,1,0,1,1,15,1,1,0,1,1,0
1528,0,0,60,0,0,36,1,1,46,0,0,43
1457,0,0,0,1,1,8,0,0,46,0,0,26
953,0,0,136,0,0,191,0,0,311,0,0,146
2241,1,1,23,0,1,0,0,1,54,0,1,37
2007,0,0,344,0,0,531,0,0,372,0,0,388
1484,0,0,83,0,0,39,1,1,4,1,1,18
2000,0,0,131,0,0,0,0,0,0,0,0,0
1776,0,1,16,0,1,16,1,1,0,1,1,12
1835,1,1,0,1,1,16,1,1,62,0,1,0
1479,1,1,6,1,1,0,0,1,9,0,0,79
1723,0,0,11,0,1,29,1,1,150,0,1,57
1464,1,1,2312,1,1,2312,0,0,2017,0,0,1895
2087,1,1,19,1,1,38,0,0,11,0,1,14
1996,0,1,0,1,1,4,1,1,16,1,1,2
1488,1,1,53,0,1,95,0,0,38,0,0,12
1331,0,0,191,0,0,96,0,0,74,0,0,10
1178,1,1,0,1,1,6,1,1,20,1,1,1
1081,0,1,80,0,0,214,0,0,123,0,0,0
1437,1,1,0,1,1,6,1,1,0,1,1,7
1272,0,0,565,0,0,557,0,0,578,0,0,602
1006,0,0,28,0,0,43,0,0,16,0,0,2690
2332,1,1,0,1,1,5,0,0,0,1,1,17
1726,0,0,8,0,0,3,0,1,0,0,0,0
2381,1,1,0,1,1,0,1,1,0,1,1,0
1118,1,1,25,1,1,0,0,1,495,0,1,137
1428,1,1,59,1,1,54,0,1,0,0,1,0
1644,0,1,0,1,1,61,0,0,36,0,1,25
1142,0,1,18,1,1,0,1,1,3,1,1,0
1840,0,0,72,0,0,175,0,0,176,0,0,134
1441,1,1,32,1,1,0,1,1,0,1,1,0
1270,0,1,91,0,1,77,0,0,60,0,0,70
2261,1,1,79,0,0,33,0,1,37,0,1,45
1122,0,1,28,0,1,24,0,1,42,0,1,50
1807,1,1,0,1,1,0,1,1,0,1,1,0
1753,1,1,0,1,1,57,0,0,23,0,1,0
1942,0,1,27,0,1,64,0,0,21,0,0,15
1005,0,0,3619,0,0,3412,0,1,2025,1,1,0
1431,1,1,0,1,1,85,0,0,8,1,1,6
1772,0,1,9,0,1,21,0,1,14,0,1,1
2433,0,0,4,0,0,86,0,0,84,0,0,63
1242,1,1,25,0,1,57,0,0,67,0,0,34
1115,0,0,6,0,0,138,0,0,84,0,0,68
1163,0,0,0,1,1,56,1,1,16,1,1,25
1638,0,0,40,0,1,68,0,0,134,0,0,109
1578,0,0,222,0,0,224,0,0,235,0,0,238
2171,0,0,35,0,1,20,1,1,0,0,1,0
1195,0,1,242,0,0,164,0,1,75,0,1,0
1965,1,1,61,0,1,0,1,1,5,1,1,0
2058,1,1,0,1,1,0,1,1,20,1,1,15
1493,0,0,85,0,0,77,1,1,9,1,1,11
2033,0,1,0,1,1,5,1,1,19,0,0,67
1820,0,1,37,0,0,73,0,0,51,0,0,98
1910,1,1,0,1,1,154,1,1,89,1,1,24
2202,1,1,0,1,1,20,1,1,0,0,1,2019
1998,0,0,85,0,0,83,0,0,259,0,0,306
1333,1,1,0,1,1,0,0,1,49,0,1,18
1009,0,0,80,0,0,171,0,0,121,0,0,121
2431,1,1,0,1,1,0,1,1,0,1,1,0
1854,0,0,10,0,1,12,0,0,22,0,0,21
1699,0,0,74,0,1,105,1,1,31,0,1,40
1298,0,1,79,0,1,14,1,1,20,1,1,84
1760,0,0,41,0,0,0,0,0,18,1,1,66
1644,0,0,23,0,1,31,0,0,19,0,0,0
1921,0,0,40,0,1,63,1,1,17,1,1,21
1199,0,1,269,0,0,313,0,0,319,0,0,132
1714,0,1,40,0,1,39,0,1,0,1,1,3
718,0,0,154,0,0,22,0,0,75,0,0,65
1973,0,0,0,1,1,11,0,1,20,0,1,29
1140,0,0,86,0,0,67,0,0,36,0,0,128
1174,0,1,95,0,1,90,0,1,147,0,1,131
1090,0,1,42,0,1,32,0,1,118,0,1,105
1510,1,1,0,1,1,0,1,1,5,1,1,0
1881,0,0,0,0,1,5,0,1,37,0,1,35
2266,0,1,12,0,1,37,0,0,70,0,0,51
2262,0,0,81,0,1,174,0,0,134,0,0,180
1646,1,1,0,1,1,116,1,1,4,1,1,0
1944,1,1,0,1,1,0,0,1,158,0,1,72
2139,0,0,81,0,0,180,0,0,100,0,0,107
1479,0,1,69,0,1,51,1,1,0,1,1,8
2020,0,1,57,0,0,134,0,0,120,0,0,87
1004,0,0,82,0,0,132,0,0,248,0,0,260
1809,0,1,17,0,1,18,0,1,24,0,1,40
2327,0,1,68,0,1,188,0,1,75,0,1,97
2132,0,0,0,1,1,11,1,1,0,0,1,3
2252,0,0,0,0,1,93,0,0,0,0,1,3
1663,0,1,47,0,1,118,0,0,150,0,0,208
1887,1,1,0,0,1,45,0,1,62,0,0,25
1271,0,0,20,0,1,149,0,0,66,1,1,0
877,1,1,0,1,1,86,0,0,29,1,1,0
2099,0,1,0,1,1,64,0,1,1,1,1,8
2060,1,1,33,1,1,94,0,0,66,0,1,146
1685,0,0,0,1,1,36,0,1,51,0,0,216
1330,0,1,17,0,1,45,1,1,1,1,1,0
2266,0,0,26,0,1,83,0,0,32,0,0,57
1089,0,1,0,1,1,30,0,0,106,0,0,44
915,0,0,113,0,0,118,0,0,62,0,0,95
1015,0,0,39,0,1,116,0,0,59,0,0,101
1391,0,0,0,0,1,84,0,0,35,0,0,61
1374,0,0,3430,0,0,2847,0,1,0,0,1,0
1864,0,1,27,0,1,37,1,1,15,0,1,30
2706,1,1,0,1,1,3,1,1,69,1,1,0
1861,0,0,3,0,1,116,0,0,26,0,0,103
1067,0,0,101,0,0,95,0,0,28,0,1,33
1815,1,1,0,1,1,103,1,1,54,0,1,2044
1326,0,1,21,0,1,21,1,1,0,1,1,47
1173,0,1,46,0,1,100,0,0,208,0,0,131
976,0,0,157,0,1,301,0,0,476,0,0,524
1283,0,1,63,0,0,128,0,1,104,0,0,41
2046,1,1,0,1,1,0,1,1,0,1,1,22
1413,1,1,0,1,1,0,1,1,0,1,1,0
1624,0,1,0,1,1,2,1,1,22,1,1,14
1652,1,1,0,1,1,0,1,1,0,1,1,0
1408,0,1,0,1,1,68,0,1,26,1,1,26
1838,0,1,3,0,1,25,0,1,11,0,0,72
798,1,1,28,1,1,9,1,1,0,1,1,0
1659,1,1,14,0,1,49,0,0,31,0,0,46
1422,0,1,33,0,0,0,0,1,77,0,1,0
1986,1,1,0,1,1,0,1,1,0,1,1,0
2428,0,1,5,0,1,14,1,1,49,1,1,0
2096,0,1,46,0,0,24,0,0,80,0,0,85
2397,0,1,1,0,1,4,1,1,20,0,0,50
1400,0,0,336,0,0,326,0,0,385,0,0,420
1152,1,1,0,1,1,0,1,1,71,1,1,70
2100,0,0,363,0,0,380,0,0,531,0,0,516
2204,0,0,14,0,0,35,0,1,17,0,1,11
2507,0,0,139,0,0,172,0,0,185,0,0,203
884,1,1,0,1,1,7,1,1,0,1,1,0
1943,0,0,211,0,0,272,0,0,146,0,0,239
1448,1,1,28,0,1,41,0,1,55,0,0,26
1509,0,1,10,0,1,73,1,1,2,0,1,0
1871,0,0,0,1,1,6,0,0,49,0,0,63
1654,0,0,240,0,0,187,0,0,211,0,0,323
2376,0,0,286,0,0,140,0,0,174,0,0,213
1815,0,1,235,0,0,47,1,1,18,1,1,8
956,0,0,57,0,0,0,0,0,0,0,0,0
2393,1,1,0,1,1,0,0,1,0,1,1,0
1531,0,1,32,0,1,6,0,0,176,0,1,333
2096,0,0,58,0,0,86,0,0,105,0,1,30
1511,0,1,19,0,1,69,0,0,43,0,1,17
1431,1,1,94,1,1,0,1,1,19,0,1,0
1373,0,1,8,0,1,9,0,0,0,0,0,5
2007,1,1,0,1,1,51,1,1,0,1,1,0
1175,1,1,0,1,1,22,0,1,7,1,1,31
2357,1,1,32,1,1,50,1,1,101,0,0,1
1809,0,0,294,0,0,253,0,0,342,0,0,377
2032,0,1,0,1,1,0,1,1,128,1,1,38
1924,0,1,7,0,1,17,1,1,23,0,1,7
1990,0,0,68,0,0,150,0,0,251,0,0,362
1935,0,0,144,0,0,113,0,0,111,0,1,123
1796,0,0,0,0,1,346,0,0,203,0,0,210
2144,0,0,23,0,0,28,0,1,53,1,1,0
1887,0,0,499,0,0,499,0,0,445,0,0,463
1366,0,1,112,0,1,155,0,0,25,0,0,47
1714,0,1,39,0,1,23,0,1,25,0,1,28
1670,0,0,789,0,0,789,0,0,1060,0,0,1100
1216,0,0,39,0,0,62,0,1,0,1,1,0
1718,0,1,19,0,0,86,0,0,85,0,1,0
2139,0,1,0,1,1,16,0,1,8,0,1,41
1424,0,1,34,0,1,57,0,0,133,0,0,157
2717,0,1,78,0,1,80,1,1,0,1,1,33
1663,0,0,15,0,1,55,0,0,134,0,0,137
1462,1,1,36,0,1,0,1,1,0,0,1,21
2357,1,1,0,1,1,43,1,1,50,1,1,0
1718,1,1,0,1,1,0,1,1,0,1,1,0
1802,0,1,0,1,1,62,1,1,1,0,1,0
2075,0,1,12,0,1,25,0,1,67,0,1,7
2098,1,1,0,1,1,215,0,1,8,0,1,51
1632,0,1,0,1,1,22,0,1,91,0,1,0
1277,0,0,106,0,0,88,0,0,9,1,1,13
990,0,1,16,0,1,28,0,1,40,0,0,45
1563,0,0,25,0,0,22,0,1,35,0,0,34
1787,0,0,2937,0,0,346,0,0,312,0,1,2
1877,0,0,2206,0,0,2039,0,0,1975,0,0,1981
1583,1,1,0,1,1,65,0,0,181,0,0,174
1994,0,0,20,0,0,2,0,1,35,0,0,50
1727,0,1,0,0,1,21,0,1,58,0,1,19
1795,0,1,9,0,1,37,1,1,0,1,1,0
2198,0,0,315,0,0,315,0,0,965,0,1,945
1911,0,1,40,0,1,36,1,1,33,1,1,0
2067,1,1,11,0,1,0,0,1,21,0,1,29
1392,0,0,10,0,0,54,0,0,7,1,1,51
1351,0,0,3,0,1,19,0,1,30,0,0,24
2404,0,1,0,1,1,25,1,1,0,1,1,0
1544,0,1,0,1,1,62,1,1,92,1,1,30
1327,0,0,46,0,0,62,0,1,21,0,0,24
1654,0,1,0,1,1,0,0,1,0,0,1,51
2146,1,1,0,1,1,97,1,1,0,1,1,14
1500,0,0,29,0,0,44,0,0,110,0,0,178
2144,0,1,49,0,0,54,0,1,5,0,1,0
2176,0,0,18,0,1,55,0,0,14,0,0,82
848,0,0,0,1,1,69,0,1,31,1,1,0
1807,1,1,0,1,1,0,1,1,0,1,1,11
1840,1,1,0,1,1,0,0,1,6,0,1,19
811,0,0,97,0,0,97,0,0,99,0,0,53
1463,1,1,0,1,1,0,1,1,0,1,1,0
1688,0,0,60,0,0,56,0,0,20,0,1,12
1638,1,1,0,0,1,22,1,1,0,1,1,0
1104,0,1,50,0,0,14,0,0,433,0,0,1579
887,0,0,225,0,0,2401,0,0,2380,0,0,2189
1893,1,1,91,1,1,75,0,1,0,1,1,0
700,0,0,117,0,0,382,0,1,107,0,0,25
1792,0,1,130,0,0,261,0,0,294,0,0,305
2381,0,0,25,0,1,140,0,1,0,0,0,0
1775,1,1,0,1,1,20,1,1,0,1,1,15
1890,0,0,183,0,1,232,0,0,99,0,0,102
2002,0,1,70,0,1,0,1,1,0,0,1,0
1762,0,0,179,0,0,217,0,0,244,0,0,274
1801,0,1,124,0,1,114,0,1,62,0,1,123
2288,1,1,47,1,1,45,1,1,36,1,1,103
1941,0,1,45,0,1,85,0,1,87,1,1,34
1588,0,0,0,0,1,4,0,0,38,0,0,114
2084,1,1,0,1,1,0,1,1,0,1,1,0
2177,0,0,22,0,1,206,0,0,259,0,0,235
1318,1,1,0,0,1,31,0,1,0,1,1,0
2283,1,1,119,1,1,0,1,1,0,1,1,13
1704,0,1,8,1,1,0,1,1,4,1,1,0
1070,0,0,15,0,0,118,0,0,66,0,0,74
1467,0,1,69,0,1,119,0,1,60,0,0,42
2133,1,1,2,1,1,12,1,1,0,1,1,0
1230,0,0,185,0,0,101,1,1,15,0,1,520
2021,1,1,0,1,1,0,0,1,16,0,1,0
1005,0,0,298,0,0,407,0,0,110,0,0,15
966,0,0,13,0,1,37,0,1,7,0,0,38
1622,1,1,0,0,1,31,0,1,25,0,1,13
1260,0,0,27,0,1,107,0,0,90,0,0,41
1057,0,0,43,0,0,89,0,0,81,0,0,90
1767,0,0,0,1,1,24,0,0,7,1,1,0
927,0,0,428,0,0,590,0,0,585,0,0,585
1985,0,0,52,0,1,97,0,0,58,0,0,55
1977,0,0,241,0,0,535,0,0,453,0,0,462
1602,1,1,0,1,1,22,1,1,51,0,1,25
1596,0,1,0,1,1,15,1,1,5,1,1,0
871,1,1,12,0,1,6,0,1,8,1,1,0
1270,0,0,46,0,0,61,0,1,41,0,1,75
2071,0,1,36,0,1,57,0,1,72,0,1,33
1686,0,0,109,0,0,165,0,0,184,0,0,247
1847,0,0,25,0,0,22,0,1,6,0,1,0
2140,0,1,14,1,1,71,0,0,10,0,0,13
1838,0,0,12,0,1,0,0,0,1,0,0,0
1415,0,1,16,0,1,60,0,1,133,0,0,168
864,0,0,59,0,0,85,0,0,53,0,0,32
1356,1,1,0,1,1,58,1,1,5,1,1,11
2419,0,0,47,0,0,119,0,0,53,0,1,13
1945,1,1,0,0,1,4,1,1,0,0,1,1
2028,1,1,0,1,1,0,1,1,9,1,1,0
2241,0,0,12,0,1,271,0,0,112,0,0,63
1922,0,1,0,1,1,53,1,1,0,0,1,8
1228,0,1,117,0,1,69,0,1,118,0,1,160
1589,1,1,0,1,1,0,1,1,4,1,1,0
1939,1,1,2244,1,1,0,1,1,0,1,1,0
2082,0,0,37,0,0,72,0,0,31,1,1,0
1157,1,1,92,0,0,218,0,0,73,0,0,75
1041,1,1,41,0,0,32,0,0,0,0,0,0
1681,0,1,9,0,1,30,0,1,36,0,1,4
2001,1,1,0,1,1,147,0,0,25,0,1,0
1561,0,1,24,0,1,104,0,0,124,0,0,100
1520,0,0,49,0,0,89,0,0,106,0,0,89
2396,0,1,0,1,1,62,0,1,32,0,0,12
1591,0,0,14,0,1,313,0,0,0,0,0,5
1366,0,0,113,0,0,113,0,0,88,0,0,92
2007,0,1,0,0,1,0,0,1,48,0,0,30
1701,0,0,92,0,0,118,0,0,133,0,0,156
1225,0,1,0,1,1,63,0,0,72,0,1,142
1958,1,1,0,1,1,44,1,1,0,1,1,5
1365,0,1,86,0,1,66,1,1,0,1,1,0
1849,0,1,0,0,1,214,1,1,34,0,1,120
1796,0,0,44,0,0,86,0,0,124,0,0,149
1673,0,1,139,0,1,68,0,1,0,1,1,3
2609,1,1,42,1,1,0,1,1,23,1,1,9
1712,0,0,28,0,0,67,0,0,27,0,0,50
1526,0,1,35,0,1,0,1,1,24,1,1,0
2166,0,1,0,1,1,0,0,1,14,0,0,41
1412,0,0,159,0,0,83,0,0,75,0,1,67
1789,0,0,0,1,1,15,0,1,42,0,0,35
897,1,1,54,0,0,18,0,0,18,1,1,0
1643,0,1,277,0,0,94,1,1,23,0,0,257
1084,0,0,43,0,1,60,0,0,82,0,0,112
1038,1,1,0,1,1,0,1,1,0,1,1,0
2253,0,0,141,0,0,97,0,0,41,1,1,116
2448,1,1,66,0,1,477,0,0,82,0,0,80
1900,0,1,18,0,1,39,0,0,35,0,0,3
2265,1,1,0,0,1,0,1,1,68,1,1,18
1199,0,0,177,0,0,170,0,0,138,0,0,195
1834,0,0,71,0,0,63,0,0,94,0,0,111
848,1,1,3,0,1,58,0,1,40,0,0,81
1031,0,1,97,1,1,27,0,1,144,0,0,75
2092,0,1,16,0,1,13,1,1,0,1,1,32
1901,0,0,34,0,1,71,0,0,63,0,0,42
1774,0,0,12,0,0,9,0,0,26,0,1,12
1420,0,0,100,0,0,203,0,0,204,0,0,187
1338,0,0,90,0,1,38,1,1,30,1,1,0
2204,0,0,0,1,1,3,1,1,0,0,0,0
1757,1,1,0,1,1,0,1,1,33,0,1,12
1557,0,0,26,0,0,56,0,0,96,0,0,127
1977,1,1,8,1,1,19,1,1,20,1,1,0
2297,1,1,7,1,1,26,1,1,6,0,0,0
1077,1,1,0,1,1,14,1,1,0,1,1,0
1500,0,1,0,1,1,0,1,1,27,1,1,0
2334,1,1,0,0,1,18,1,1,1843,0,1,0
2244,0,1,43,0,1,115,0,1,104,0,1,71
2666,0,1,143,0,1,168,0,0,177,0,0,179
1973,1,1,0,1,1,0,0,1,4,0,0,34
1403,1,1,0,1,1,0,0,1,0,0,1,0
2013,1,1,30,1,1,0,1,1,32,1,1,14
1956,0,1,47,0,1,0,0,1,170,0,0,262
2367,0,0,43,0,1,113,0,0,46,0,0,61
2150,1,1,0,1,1,68,0,1,238,1,1,0
883,1,1,0,1,1,0,0,1,7,1,1,6
1781,1,1,0,1,1,0,1,1,0,1,1,48
1621,0,0,113,0,0,25,0,1,211,0,0,229
2233,0,0,0,1,1,19,1,1,0,1,1,0
1837,0,0,2021,0,0,1918,0,0,1864,0,0,1769
2441,0,1,33,0,0,16,0,1,4,1,1,4
1729,1,1,0,1,1,0,0,1,0,1,1,13
2051,0,1,0,0,1,0,1,1,0,0,1,1
1290,0,0,169,0,0,456,0,0,535,0,0,239
2004,0,0,0,1,1,49,0,0,50,0,0,14
2004,0,0,7,0,1,4,0,0,9,0,0,4
2678,0,1,6,0,1,0,1,1,0,1,1,0
1098,1,1,389,0,0,273,0,0,401,0,0,334
1360,1,1,46,0,0,56,0,1,40,0,0,107
1558,0,0,179,0,0,161,0,0,154,0,0,240
1065,0,0,0,1,1,21,0,0,96,0,0,77
1272,0,0,187,0,0,221,0,0,112,0,0,134
2332,0,1,383,0,1,519,0,0,422,0,1,390
1992,0,0,81,0,0,154,0,0,82,0,1,83
1459,1,1,0,1,1,0,1,1,0,0,1,0
1449,0,0,0,1,1,0,1,1,54,0,1,20
1990,0,0,0,1,1,1,0,0,0,0,1,10
1704,0,0,212,0,0,0,0,0,12,0,1,45
1722,0,1,14,0,1,0,1,1,42,0,1,72
1944,0,0,0,1,1,27,0,1,53,1,1,51
2766,1,1,67,0,0,67,0,0,172,0,0,220
1874,0,0,72,0,1,127,0,1,28,0,0,38
1682,1,1,27,1,1,215,1,1,66,0,0,158
1973,0,1,34,0,1,41,0,0,58,0,0,32
1207,0,0,17,0,0,27,0,0,79,0,0,73
1448,0,1,0,1,1,72,1,1,4,1,1,15
1546,0,1,28,0,0,67,0,0,0,1,1,0
2426,0,0,143,0,0,62,0,0,115,0,0,99
2252,0,0,0,1,1,66,0,1,9,1,1,26
1835,0,0,11,0,0,116,1,1,54,0,1,70
1364,1,1,32,0,0,26,1,1,0,0,0,14
1320,0,0,53,0,0,50,0,0,45,0,1,27
1494,0,0,31,0,0,98,0,0,16,0,0,60
2272,0,1,12,0,1,27,0,0,63,0,0,31
1621,0,1,15,0,1,8,0,1,0,0,1,4
1494,0,1,138,0,1,266,1,1,10,1,1,3
1809,0,0,0,1,1,21,0,1,19,0,0,81
1799,0,1,34,0,1,47,1,1,94,0,0,99
1313,0,1,0,1,1,0,1,1,7,1,1,19
2116,0,1,0,1,1,20,0,0,41,0,0,87
2245,0,1,58,1,1,33,0,1,21,0,1,0
1763,0,1,0,1,1,43,0,1,36,0,0,66
1900,0,0,121,0,0,116,0,0,153,0,0,154
1325,0,0,180,0,0,167,0,0,470,0,0,532
1555,1,1,0,1,1,0,0,1,0,0,1,29
1832,0,0,65,0,0,39,0,0,70,0,0,81
885,0,0,49,0,0,0,0,0,10,0,0,0
1799,0,0,0,0,1,184,0,0,88,0,0,107
1212,1,1,0,1,1,30,1,1,0,1,1,0
1770,0,0,80,0,1,186,0,1,15,0,0,30
2040,0,1,11,0,1,2,1,1,136,0,0,121
1854,0,0,7,0,1,294,1,1,11,0,1,43
868,0,0,300,0,0,300,0,0,690,0,0,670
2044,0,0,2,0,1,15,0,1,24,1,1,0
1662,0,0,0,1,1,47,0,0,96,0,0,36
1617,0,0,58,0,1,122,0,0,123,0,0,62
1525,0,0,47,0,0,130,0,0,32,0,0,66
2085,0,0,71,0,0,25,1,1,0,0,1,9
2308,1,1,25,1,1,14,1,1,37,1,1,0
2145,0,0,14,0,1,171,1,1,124,0,1,139
2689,0,0,424,0,0,412,0,1,0,0,1,0
851,0,1,16,0,1,23,0,0,61,0,0,75
2004,0,0,251,0,0,306,0,0,425,0,0,484
1983,0,0,54,0,1,23,0,0,20,0,0,0
1654,0,0,100,0,0,37,0,0,228,0,0,215
1350,0,0,17,0,1,124,0,0,82,0,1,0
1195,0,0,30,0,1,45,0,0,28,0,0,95
1308,0,0,12,0,1,29,0,1,0,0,0,0
1314,0,0,48,0,0,0,0,0,133,0,0,109
1776,0,1,0,1,1,2013,1,1,0,1,1,0
1721,0,0,68,0,0,105,0,0,200,0,0,225
2109,0,0,6,0,1,49,1,1,9,0,1,8
1968,0,1,5,0,1,15,0,0,26,0,1,36
1645,0,0,101,0,1,42,0,0,95,0,0,63
2043,0,0,123,0,0,633,0,0,612,0,0,622
1217,0,0,151,0,0,214,0,1,86,0,1,80
2184,1,1,0,1,1,0,1,1,0,1,1,16
1510,1,1,0,1,1,0,1,1,11,1,1,0
1541,0,0,251,0,0,451,0,0,390,0,0,426
1483,0,0,3,0,1,17,0,0,33,0,0,33
2338,1,1,0,1,1,33,0,0,31,0,1,24
1195,0,0,34,0,1,23,0,1,177,0,1,269
2395,1,1,27,1,1,0,0,1,7,0,1,39
806,0,0,96,0,0,175,0,0,146,0,0,252
1626,0,0,24,0,1,0,0,1,0,0,1,0
2074,1,1,33,1,1,40,0,1,24,1,1,39
1654,0,1,1,0,1,31,1,1,19,0,0,0
1581,0,1,6,0,1,21,1,1,89,0,0,102
1740,1,1,0,1,1,29,0,1,5,1,1,0
1282,0,1,0,0,1,104,1,1,26,1,1,0
2235,1,1,350,0,0,193,0,1,154,0,0,12
1513,1,1,76,0,1,45,0,0,8,0,0,36
951,0,0,26,0,1,55,0,0,47,0,0,54
2245,0,0,114,0,0,7,0,0,76,1,1,26
939,0,0,594,0,0,700,0,0,1197,0,0,1552
1067,1,1,0,1,1,0,1,1,0,1,1,0
2328,1,1,14,1,1,21,0,1,62,1,1,5
2142,0,0,0,1,1,15,0,1,22,0,1,0
1966,0,1,26,0,1,144,0,0,99,0,0,48
1859,0,0,1688,0,0,1688,0,0,4,0,0,3
1575,0,0,173,0,0,1,0,1,78,0,0,50
1493,0,1,44,0,1,43,1,1,37,1,1,0
1740,0,1,14,0,1,0,1,1,28,1,1,0
1322,0,1,0,0,1,3,1,1,31,0,1,27
1895,0,1,8,0,1,93,0,0,197,0,0,131
1819,0,0,58,0,0,178,0,0,213,0,0,182
1908,0,0,34,0,0,59,0,0,103,0,0,43
1531,0,1,2,1,1,0,0,0,170,0,1,320
1983,0,0,272,0,0,149,1,1,132,0,0,65
1624,0,0,37,0,1,43,0,0,47,0,0,12
1491,0,1,20,0,1,32,1,1,0,1,1,24
1705,0,0,120,0,0,0,1,1,0,1,1,88
2050,0,0,66,0,0,84,0,0,57,0,0,32
1086,0,0,33,0,1,62,0,0,48,0,0,43
1705,0,0,17,0,0,5,0,0,51,0,0,36
777,0,0,65,0,1,71,0,1,73,0,1,74
1426,0,0,93,0,0,210,0,0,141,0,0,110
1711,0,0,44,0,1,0,0,0,0,1,1,10
1176,0,1,129,0,0,203,0,0,280,0,0,280
1726,0,1,37,0,1,67,0,0,7,0,1,0
1383,1,1,0,1,1,0,1,1,0,1,1,0
1900,1,1,9,1,1,171,0,0,3,1,1,11
1914,0,0,92,0,0,93,0,0,145,0,0,110
1516,0,1,1,0,1,3,0,0,23,0,1,4
2052,1,1,25,0,1,55,0,0,53,1,1,3
932,0,0,75,0,1,0,0,1,9,0,1,0
1531,0,0,67,0,0,686,0,0,8,0,0,25
1871,0,1,1,0,1,0,0,1,7,0,0,7
1786,0,1,0,1,1,13,1,1,0,1,1,0
1011,0,0,140,0,1,140,0,0,0,0,0,23
2129,1,1,0,1,1,0,1,1,15,1,1,0
1166,0,0,189,0,0,276,0,0,112,0,0,32
1357,0,0,82,0,0,186,0,0,365,0,0,429
1739,0,0,0,1,1,116,1,1,93,1,1,23
2389,0,1,12,0,1,7,0,0,45,0,1,98
1500,0,1,80,0,0,0,0,1,3,0,0,22
1487,0,0,23,0,0,0,0,0,50,0,0,77
1424,0,1,99,0,0,92,0,0,39,0,0,64
1500,1,1,100,0,1,67,0,0,49,0,1,42
1449,1,1,0,1,1,321,0,1,208,0,0,224
2090,0,1,42,0,0,318,0,0,354,0,0,411
738,0,0,97,0,0,150,0,1,140,0,0,78
2246,0,1,52,0,1,130,0,0,55,0,0,9
1670,0,0,48,0,1,48,0,1,72,0,1,71
1510,0,0,23,0,0,68,0,0,81,0,0,38
1950,1,1,0,1,1,30,1,1,46,1,1,0
1218,0,0,11,0,1,7,1,1,0,0,1,23
1925,0,0,0,1,1,67,0,0,63,0,0,92
2033,1,1,0,1,1,0,0,1,3,0,1,110
1628,0,0,0,1,1,0,1,1,0,1,1,0
1500,0,1,23,0,1,97,0,0,69,0,0,62
1200,0,0,0,1,1,68,1,1,0,1,1,0
1762,0,0,66,0,0,37,1,1,43,0,1,96
1005,0,1,167,0,1,46,0,1,241,0,1,274
1924,0,0,1,0,1,40,0,0,123,0,0,73
1738,0,1,14,0,0,78,0,0,40,1,1,0
2018,0,1,0,0,1,0,0,1,0,0,1,0
2071,0,0,83,0,1,72,1,1,88,1,1,0
1902,1,1,0,1,1,48,1,1,5,1,1,30
1092,0,0,67,0,0,91,0,0,105,0,0,104
1760,1,1,0,1,1,38,0,1,12,0,1,4
1579,0,1,0,0,1,10,0,1,38,1,1,0
1522,0,0,0,1,1,1,0,0,3,0,1,20
1394,1,1,35,0,1,12,0,0,17,0,0,42
1893,0,0,4,1,1,33,0,0,0,0,0,23
1536,0,1,16,0,1,43,0,1,71,0,0,64
1947,0,1,97,0,0,130,0,1,98,0,0,64
1635,0,0,0,1,1,72,0,0,0,1,1,15
1580,1,1,0,1,1,54,0,1,59,0,1,9
1286,0,0,559,0,0,391,0,0,239,0,0,403
1170,0,0,37,0,0,138,0,0,116,0,0,77
1147,0,1,115,0,0,74,0,0,26,0,0,19
1202,0,1,18,0,1,4,0,1,1,1,1,0
1084,0,1,7,0,1,62,0,1,39,1,1,9
2242,1,1,0,1,1,87,1,1,21,1,1,12
1955,0,0,106,0,0,29,0,0,29,0,0,59
1671,0,0,196,0,0,204,1,1,41,1,1,33
1395,0,1,38,0,1,35,0,1,44,0,0,34
2104,0,1,5,0,1,27,0,1,18,0,1,15
1797,0,1,167,0,0,63,0,1,161,0,1,114
1731,0,0,104,0,0,122,0,0,231,0,0,188
1594,0,0,814,0,0,179,0,0,286,0,0,263
1719,0,1,69,0,0,71,0,1,16,0,1,19
1546,0,1,0,0,1,49,0,0,53,0,1,21
1600,0,1,10,0,1,70,0,0,11,0,0,14
1299,1,1,0,1,1,0,1,1,0,1,1,0
1229,1,1,0,1,1,127,1,1,0,1,1,32
2096,1,1,69,0,1,0,0,1,6,0,1,5
2072,0,0,7,0,0,3,0,0,2,0,0,0
1253,0,0,108,0,0,108,0,0,104,0,0,120
1986,0,0,13,0,1,10,0,0,38,0,0,11
1951,0,0,95,0,0,133,0,0,66,0,0,66
2007,0,0,5,0,0,41,0,1,9,0,0,0
976,0,0,0,1,1,54,1,1,0,0,1,15
1267,0,0,82,0,0,18,0,0,35,0,0,87
1652,0,1,1,0,1,0,0,1,0,0,1,0
1278,0,0,438,0,0,585,0,0,534,0,0,473
1403,1,1,0,1,1,0,1,1,0,1,1,41
2147,0,1,33,0,1,90,0,1,11,0,0,107
1812,0,0,0,1,1,194,0,0,110,0,0,104
1212,0,0,107,0,0,222,0,0,396,0,0,412
1615,0,1,18,0,1,41,0,1,84,0,1,30
1243,0,0,1615,0,0,1615,0,0,1547,0,0,1661
1791,1,1,0,1,1,152,0,1,28,0,1,25
1326,0,0,74,0,1,74,1,1,13,0,1,0
1661,0,1,0,0,1,81,0,1,75,0,1,35
2160,0,0,57,0,0,194,0,0,119,0,0,192
926,0,1,91,0,0,93,0,1,25,0,0,42
1596,0,0,126,0,0,207,0,0,110,0,0,70
1561,0,0,137,0,0,125,0,0,42,0,0,10
1199,0,0,15,0,0,14,0,1,17,0,1,1
1992,1,1,0,1,1,21,1,1,0,1,1,57
2000,0,0,22,0,0,37,0,0,92,0,0,98
1596,0,0,76,0,0,261,0,0,5,0,0,18
1404,1,1,229,0,0,30,1,1,31,0,1,69
1122,0,1,41,0,1,12,0,1,41,0,1,0
1851,0,0,171,0,0,53,0,0,82,0,0,73
2031,1,1,80,1,1,0,0,1,153,0,0,213
1360,1,1,0,1,1,27,0,1,36,0,1,9
2223,0,1,69,0,1,55,0,1,76,1,1,0
1848,1,1,8,1,1,58,0,0,53,0,0,54
1710,1,1,74,0,0,48,0,1,107,0,0,169
1149,0,0,0,0,1,282,0,0,44,0,0,114
2087,1,1,1,1,1,0,0,1,12,1,1,0
1777,1,1,10,1,1,0,1,1,3,1,1,12
1296,0,0,21,0,1,25,0,1,30,0,0,18
2089,0,1,21,0,1,18,0,1,31,1,1,24
1420,0,1,30,0,0,79,0,0,92,0,0,134
1800,0,1,0,1,1,25,1,1,67,0,0,5
1976,1,1,19,1,1,0,1,1,0,1,1,0
1518,0,0,286,0,0,150,0,0,168,0,0,199
2151,1,1,57,0,1,34,1,1,0,1,1,0
2282,1,1,0,1,1,48,0,1,88,0,0,82
1483,1,1,0,1,1,0,1,1,11,1,1,0
1917,0,0,348,0,1,393,0,1,31,0,1,90
2009,1,1,25,1,1,27,0,1,42,0,1,63
2531,1,1,0,1,1,36,1,1,0,1,1,0
1779,1,1,0,1,1,0,0,1,0,1,1,0
1531,1,1,0,0,1,8,0,0,129,0,1,101
1789,0,1,111,0,1,22,0,1,171,0,1,87
1787,0,0,0,1,1,203,0,0,10,0,0,0
1736,1,1,0,1,1,75,1,1,173,0,0,97
1310,0,1,0,1,1,40,0,1,0,0,1,24
1975,1,1,0,1,1,0,1,1,0,1,1,5
2438,1,1,0,1,1,0,1,1,0,1,1,0
1940,0,0,13,0,1,45,0,0,67,0,1,1
1561,0,0,229,0,0,219,0,0,54,0,0,38
1666,0,1,25,0,1,11,1,1,0,1,1,0
1710,1,1,0,0,1,0,0,0,0,0,1,0
1545,0,0,10,0,1,42,0,0,98,0,0,102
1670,0,0,88,0,0,27,1,1,29,1,1,82
1300,0,0,6,0,1,93,0,1,19,0,1,0
906,0,0,228,0,0,228,0,0,251,0,0,286
1503,1,1,21,1,1,11,1,1,0,1,1,1
1920,1,1,12,1,1,43,0,1,85,0,0,13
1857,0,1,26,0,1,39,0,1,37,0,1,66
1612,1,1,0,0,1,0,1,1,51,1,1,66
1006,0,1,50,0,0,201,0,1,71,0,1,35
1021,1,1,0,1,1,112,1,1,4,1,1,22
2038,1,1,0,1,1,0,1,1,0,1,1,0
2470,1,1,0,1,1,84,0,1,8,1,1,58
1494,0,0,0,1,1,54,0,1,14,0,0,0
1144,0,0,59,0,1,77,0,0,15,0,0,9
2498,0,0,0,1,1,21,0,0,0,0,1,14
2223,0,1,0,1,1,54,0,1,38,0,1,36
836,0,0,32,0,1,58,0,0,137,0,1,208
1415,1,1,0,1,1,121,1,1,116,0,1,0
1454,0,0,85,0,0,0,0,0,121,1,1,18
1318,0,1,25,0,1,573,0,1,65,0,1,72
1654,0,0,11,0,1,15,0,0,89,0,0,116
929,0,1,108,0,1,324,0,1,131,0,1,55
1058,0,0,329,0,0,376,0,0,326,0,1,269
2356,0,0,29,0,1,58,0,0,120,0,0,64
1970,1,1,1114,1,1,0,0,1,0,1,1,0
1547,0,0,70,0,0,98,0,0,140,0,0,99
2138,0,0,149,0,0,121,0,0,73,0,0,63
1831,0,0,0,1,1,0,1,1,0,1,1,0
2193,0,0,126,0,0,152,0,0,174,0,0,151
1236,0,1,49,0,1,0,0,1,0,1,1,0
2242,0,0,281,0,0,331,0,0,501,0,0,432
1259,1,1,0,1,1,44,0,1,55,0,1,140
2206,0,1,209,0,0,40,0,1,58,0,0,105
2343,0,1,0,1,1,0,0,1,101,0,0,116
1643,0,0,82,0,1,34,0,0,304,0,0,329
1992,0,0,84,0,0,81,0,0,30,0,0,105
1047,0,0,48,0,1,104,0,0,50,0,0,76
1861,1,1,0,1,1,37,0,1,33,0,1,28
1538,0,1,0,1,1,99,1,1,4,1,1,21
1992,1,1,182,0,0,0,1,1,0,1,1,0
1528,1,1,185,0,0,730,0,0,762,0,0,219
897,0,0,17,0,1,56,0,0,34,0,0,19
1873,0,0,68,0,0,200,0,0,138,0,0,121
2381,0,1,0,0,1,0,0,1,0,0,1,0
1456,1,1,30,1,1,22,1,1,15,0,0,24
1294,0,1,7,0,1,15,0,1,435,0,0,376
1604,0,0,19,0,0,32,0,0,3,0,1,12
1772,0,1,197,0,0,275,0,0,205,0,0,33
1272,0,0,50,0,0,140,0,0,50,0,0,52
1416,0,1,19,0,1,83,1,1,0,1,1,46
1542,0,0,49,0,1,92,0,0,36,0,0,80
1997,0,1,56,0,1,76,0,1,27,0,1,58
1184,0,1,66,0,0,73,0,0,49,0,0,81
1800,1,1,1,1,1,49,0,1,32,1,1,0
1851,1,1,0,1,1,156,1,1,0,1,1,14
834,0,0,267,0,0,181,0,0,106,0,0,92
2338,1,1,181,0,1,15,0,0,67,0,0,93
1164,0,0,142,0,0,120,0,0,12,0,0,22
1891,0,0,13,0,0,4,1,1,0,1,1,2
1539,1,1,0,1,1,0,1,1,0,1,1,0
1816,0,1,0,1,1,36,0,1,0,0,1,82
2090,0,0,78,0,1,272,0,0,140,0,0,108
1989,0,1,0,1,1,79,0,1,35,0,1,28
2238,0,0,126,0,0,26,0,1,0,1,1,0
2087,1,1,0,1,1,9,1,1,18,1,1,11
758,0,1,0,1,1,81,1,1,5,1,1,0
2493,0,1,0,1,1,35,1,1,221,0,0,74
1419,0,0,0,1,1,90,0,0,44,0,0,37
888,0,0,0,1,1,0,1,1,22,1,1,17
1897,0,0,0,1,1,66,1,1,23,0,0,39
1408,0,0,99,0,0,88,0,1,178,0,0,214
2213,1,1,0,1,1,18,1,1,0,1,1,11
1634,0,1,0,1,1,27,0,1,9,1,1,7
1600,0,0,167,0,0,183,0,0,100,0,0,103
1715,1,1,0,1,1,3,0,1,4,0,1,0
1679,0,0,6,0,1,49,1,1,93,0,1,160
1452,0,1,157,0,0,356,0,0,244,0,0,275
1185,0,0,0,0,1,28,0,1,0,0,0,43
1151,0,1,7,0,1,63,0,1,26,0,1,15
2365,0,0,109,0,0,81,0,0,134,0,0,158
803,1,1,0,1,1,25,1,1,16,1,1,17
1311,1,1,0,1,1,0,1,1,0,1,1,0
2531,1,1,0,1,1,0,1,1,10,1,1,0
1427,1,1,0,1,1,0,1,1,0,1,1,0
1811,0,0,0,0,1,8,0,1,51,0,1,33
1969,1,1,0,1,1,0,0,1,1,0,1,6
827,0,0,232,0,0,289,0,0,383,0,0,355
2053,1,1,0,1,1,63,1,1,2,1,1,0
1325,1,1,0,1,1,8,0,0,87,0,0,53
1991,0,1,23,1,1,0,1,1,7,0,1,11
1839,0,1,136,0,0,48,0,1,31,0,1,54
1739,0,0,18,0,1,56,0,1,87,0,0,100
1941,0,0,69,0,0,53,0,1,19,1,1,0
2172,0,0,17,0,0,0,0,0,2,1,1,5
1180,0,0,49,0,0,69,0,0,37,0,0,75
2480,0,1,146,0,1,75,0,0,0,0,1,0
1503,1,1,0,1,1,11,1,1,1,1,1,0
2276,1,1,0,1,1,75,1,1,0,1,1,0
1305,0,1,45,0,0,0,0,1,0,1,1,9
1548,0,0,38,0,0,149,0,0,75,0,0,38
1894,0,1,0,1,1,21,0,1,8,1,1,20
1706,0,0,246,0,0,506,0,0,346,0,0,498
1328,0,1,0,1,1,0,0,1,42,0,1,103
1851,1,1,0,1,1,0,1,1,60,1,1,2
1867,0,0,88,1,1,0,0,1,17,1,1,0
948,1,1,0,1,1,0,0,1,51,0,1,62
2077,0,0,8,0,1,47,0,0,13,0,0,29
1630,0,0,2299,0,0,2299,0,0,2304,0,0,2281
1796,1,1,0,1,1,17,1,1,0,0,1,1
1422,0,1,142,0,0,27,0,0,4,0,0,2
1788,1,1,0,1,1,0,1,1,30,1,1,0
1836,0,1,3,0,0,18,1,1,5,1,1,0
1500,0,1,12,0,0,24,0,0,24,0,1,42
2215,0,0,122,0,0,141,0,1,181,0,0,299
1914,0,0,73,0,0,66,0,0,81,0,0,43
1815,0,0,15,0,1,20,0,0,38,0,1,8
1277,0,1,29,0,1,73,0,0,268,0,0,194
1966,0,0,14,0,0,80,0,0,49,0,0,60
1937,0,0,16,0,1,47,0,0,60,0,0,110
1815,0,1,0,1,1,28,1,1,60,0,1,74
1016,0,0,287,0,0,148,0,0,32,0,0,54
1530,0,1,28,0,1,26,1,1,5,1,1,0
1111,0,0,95,0,0,52,1,1,0,0,1,2
1654,0,0,131,0,0,17,0,0,40,0,0,3
2494,1,1,0,0,1,84,0,0,0,0,1,8
1039,1,1,11,1,1,66,1,1,34,1,1,51
1543,0,0,0,1,1,66,0,0,1,0,0,15
1878,0,0,16,0,1,0,0,0,36,0,0,33
1784,1,1,14,1,1,0,1,1,10,1,1,2
2289,1,1,0,0,0,14,0,0,28,0,1,7
1967,0,0,15,0,0,13,0,0,87,0,0,74
1079,1,1,0,1,1,0,1,1,57,1,1,55
1812,0,0,222,0,0,222,0,0,3290,0,1,3
2167,0,1,22,0,1,44,0,1,153,0,1,174
2143,1,1,97,1,1,42,1,1,0,0,1,0
1729,0,0,655,0,0,757,0,0,971,0,0,976
1627,0,0,104,0,1,66,0,1,63,0,1,39
1718,0,0,35,0,0,17,0,1,0,1,1,0
2156,0,0,1100,0,0,1121,0,0,900,0,0,1089
1132,0,1,0,1,1,16,1,1,6,1,1,25
1834,0,1,188,0,1,159,0,1,113,0,1,148
2505,1,1,0,1,1,34,1,1,40,1,1,0
1454,0,0,43,0,0,76,0,0,94,0,0,3
1212,0,0,119,0,0,117,0,0,50,0,1,5
1348,0,0,17,0,1,14,0,0,148,0,0,59
1721,0,1,12,0,1,73,0,1,106,0,1,3
1118,0,0,474,0,0,288,0,0,113,0,0,138
1798,0,1,54,0,1,34,0,1,23,0,1,0
1144,1,1,0,1,1,9,0,1,16,1,1,26
1961,0,1,109,0,1,95,0,1,13,0,1,95
1892,0,0,118,0,0,142,0,0,79,0,1,51
1703,0,0,67,0,0,71,0,0,205,0,0,322
1822,0,1,0,1,1,33,0,0,0,1,1,1
1417,0,0,254,0,0,197,0,1,166,0,1,233
2061,0,0,30,0,1,22,0,1,31,0,1,0
1969,0,0,40,0,1,83,0,0,174,0,0,145
1777,1,1,8,0,0,0,0,1,0,1,1,0
1965,0,1,12,0,1,0,0,1,169,0,0,91
1151,0,0,14,0,1,40,0,1,2,1,1,0
1881,0,0,0,1,1,13,0,1,11,0,1,17
851,0,0,63,0,0,23,0,0,41,0,0,11
1611,0,0,0,1,1,17,0,0,39,0,0,22
2497,0,1,99,0,1,126,0,1,140,0,1,98
977,0,0,33,1,1,0,0,1,7,0,1,20
1784,0,0,610,0,0,585,0,0,587,0,0,534
2033,0,0,776,0,0,561,1,1,222,1,1,0
1629,0,1,31,1,1,61,0,0,82,0,0,97
1881,1,1,0,1,1,35,1,1,45,1,1,22
1825,0,0,0,1,1,45,0,0,25,0,0,32
1500,0,0,42,0,0,49,0,0,0,0,1,115
1378,0,0,224,0,0,324,0,0,337,0,0,388
2026,1,1,0,1,1,0,0,1,0,1,1,28
1548,0,1,0,1,1,73,1,1,0,1,1,37
1052,0,1,115,0,0,303,0,0,365,0,0,410
2268,0,1,0,1,1,22,0,1,35,0,0,28
2159,0,0,147,0,0,0,0,1,0,1,1,1227
1788,0,0,6,0,0,3,0,0,46,0,0,34
1495,0,0,120,0,0,119,0,0,42,0,0,35
962,0,0,30,0,0,197,0,0,95,0,0,58
2600,0,0,49,0,1,41,0,0,18,0,0,16
878,0,0,0,1,1,27,1,1,10,0,1,11
1027,0,1,41,0,1,41,0,1,53,0,1,18
1451,0,1,10,0,1,37,0,1,88,0,0,18
1423,0,0,23,0,0,25,0,0,65,0,0,85
1038,0,1,97,0,0,96,0,0,46,0,1,11
1753,0,0,14,0,1,47,0,0,84,0,0,2
951,1,1,0,1,1,0,1,1,0,1,1,0
2021,0,0,274,0,0,232,0,0,446,0,0,538
1166,1,1,22,1,1,91,0,1,67,0,1,38
2122,1,1,0,1,1,0,1,1,0,1,1,0
1528,0,0,12,0,1,75,0,0,150,0,0,59
1642,0,1,0,1,1,77,0,0,41,0,0,0
1693,0,1,0,0,1,61,0,1,18,1,1,0
1201,0,1,11,0,1,5,0,1,79,0,0,3
1521,1,1,94,1,1,79,0,1,0,1,1,0
2379,0,1,31,0,1,28,0,1,0,0,1,1
1904,0,0,0,1,1,0,0,1,48,0,1,28
1470,0,1,0,1,1,0,1,1,21,0,1,64
1753,0,1,21,0,1,53,1,1,0,0,0,0
1445,1,1,0,1,1,63,1,1,0,1,1,0
1503,1,1,56,0,1,36,0,1,2,0,1,19
2565,0,1,45,0,1,38,0,1,84,0,1,268
1459,0,1,30,1,1,0,0,0,16,0,0,74
893,0,1,233,0,0,156,0,0,75,0,0,86
1892,1,1,2,1,1,0,1,1,0,1,1,0
404,0,0,0,0,0,0,0,0,0,0,0,0
1643,1,1,0,0,0,0,1,1,26,1,1,0
2079,0,0,75,0,0,0,1,1,0,1,1,0
1242,1,1,70,0,0,459,0,0,279,0,0,358
2338,0,0,0,0,1,32,1,1,15,0,1,0
2049,0,0,90,0,0,49,0,0,150,0,0,177
2721,1,1,7,1,1,58,1,1,96,0,1,0
1677,0,0,32,0,0,31,1,1,25,0,1,45
1461,0,0,178,0,0,0,0,1,40,0,1,124
2010,1,1,0,1,1,67,0,1,102,0,1,2
1410,0,0,85,0,0,101,0,0,140,0,0,161
1493,0,0,69,0,1,31,0,1,30,0,1,22
2167,0,0,0,1,1,40,0,1,25,1,1,0
1297,0,0,6,0,1,56,1,1,15,0,1,8
2551,1,1,0,1,1,199,0,1,7,1,1,7
2011,0,1,8,0,1,56,0,1,7,0,1,42
1336,0,0,250,0,0,300,0,0,676,0,0,1895
1163,0,1,206,0,0,414,0,0,909,0,0,864
2005,0,0,13,0,1,0,1,1,65,0,1,1713
1300,1,1,0,1,1,0,1,1,0,1,1,54
1536,0,1,0,0,1,291,0,1,4,0,1,68
1348,0,0,38,0,0,77,0,0,61,0,0,9
1944,1,1,0,1,1,0,0,1,0,0,1,0
1249,0,1,121,0,1,99,0,1,84,0,1,64
2447,0,1,0,1,1,100,0,0,16,1,1,14
2428,0,0,0,1,1,4,0,1,3,1,1,41
1714,1,1,0,1,1,80,1,1,0,1,1,0
1581,0,0,274,0,1,305,0,0,368,0,0,317
1521,0,1,0,1,1,41,0,1,6,0,1,33
2182,0,1,0,1,1,106,1,1,43,1,1,0
767,0,0,571,0,0,590,0,0,836,0,0,741
1700,0,0,0,1,1,16,1,1,6,1,1,27
1786,1,1,0,1,1,12,1,1,15,1,1,9
2012,1,1,40,0,1,6,0,1,66,1,1,13
1865,0,1,23,0,1,70,0,1,49,0,1,8
2554,1,1,0,1,1,116,0,1,131,0,1,38
870,0,1,66,0,1,28,0,1,79,0,0,11
1872,1,1,0,1,1,0,1,1,0,1,1,16
1978,0,0,121,0,1,99,0,1,126,1,1,53
1473,0,0,0,1,1,37,0,0,33,0,0,55
1949,0,1,3,0,1,3,0,1,6,0,1,0
1818,0,0,13,0,0,124,0,0,16,0,1,0
1436,0,0,17,0,0,34,0,0,99,0,0,79
1994,0,1,0,1,1,0,0,1,0,1,1,0
549,0,0,35,0,0,38,0,0,93,0,0,77
1886,1,1,0,1,1,39,1,1,0,1,1,13
1722,0,0,31,0,1,56,1,1,15,0,1,16
1690,0,0,76,0,0,52,0,0,2,0,1,0
1415,0,0,55,0,0,49,0,0,30,0,0,44
1143,0,0,85,0,0,31,0,0,42,0,0,11
2007,0,0,0,1,1,69,0,0,141,1,1,44
1305,1,1,101,1,1,0,1,1,217,1,1,100
1129,0,1,0,1,1,28,0,1,0,0,1,81
1528,0,0,6,0,0,17,0,0,55,0,0,34
1365,0,0,46,0,0,43,1,1,0,1,1,0
2010,0,1,0,1,1,9,0,1,58,0,0,84
1978,0,0,139,0,0,3,0,0,6,1,1,0
2088,0,0,23,0,0,21,0,0,136,0,0,67
1222,0,1,116,0,1,95,0,1,142,0,0,220
2711,0,0,4,0,0,0,0,1,15,1,1,0
1541,0,0,174,0,0,261,0,0,183,0,0,84
1913,0,0,69,0,1,86,0,0,28,0,0,13
2449,0,0,54,0,0,25,0,0,0,0,1,49
2078,1,1,0,1,1,3,1,1,41,1,1,38
1513,0,1,48,0,1,44,0,1,113,0,1,24
2118,1,1,0,1,1,0,1,1,0,1,1,0
1796,1,1,0,1,1,0,1,1,0,1,1,0
1198,0,0,0,1,1,3,0,0,21,0,0,19
1794,0,1,21,0,1,17,1,1,33,0,1,19
1496,0,0,25,0,1,0,0,1,43,0,0,34
1609,0,0,9,0,0,118,0,0,101,0,0,104
2603,0,0,0,1,1,31,0,0,47,0,1,51
1307,1,1,0,0,1,33,0,1,40,0,1,33
2116,0,0,32,0,1,87,0,0,122,0,0,117
2245,0,1,0,1,1,21,1,1,47,1,1,0
2148,0,0,140,0,0,23,0,0,55,0,0,123
1904,0,1,2,0,1,25,1,1,16,0,1,0
1860,0,0,85,0,0,155,0,0,174,0,0,148
1406,0,1,192,0,1,217,0,1,136,0,1,185
1543,0,0,121,0,0,187,0,0,208,0,0,219
1336,0,1,0,1,1,36,1,1,39,0,1,62
885,0,1,0,1,1,93,0,0,120,1,1,9
1517,1,1,0,1,1,0,1,1,23,1,1,26
1579,0,0,9,0,0,29,0,0,23,0,0,19
1804,0,0,56,0,1,32,0,1,53,1,1,0
2374,0,1,145,0,0,146,0,0,74,0,0,116
1844,0,1,261,0,0,261,0,0,101,0,1,219
2203,0,0,0,0,1,23,1,1,12,0,1,15
2328,1,1,0,1,1,42,0,0,0,1,1,21
1761,0,1,0,1,1,0,1,1,0,0,1,9
2361,1,1,0,1,1,274,1,1,234,1,1,13
1548,1,1,15,0,1,47,0,0,15,0,1,39
2220,1,1,103,0,0,175,0,0,34,1,1,0
1526,0,0,13,0,1,525,0,0,425,0,0,470
1099,0,0,0,1,1,2,1,1,0,1,1,26
1801,1,1,0,1,1,0,1,1,30,1,1,0
1735,1,1,0,1,1,0,0,1,23,0,0,28
2224,0,0,129,0,0,6,0,0,182,0,0,396
1589,0,0,25,0,1,140,0,0,127,0,0,137
1292,1,1,0,0,0,0,1,1,139,1,1,0
1115,1,1,0,1,1,13,0,1,151,0,0,93
1522,0,0,6,0,1,57,0,1,111,0,0,113
1676,0,1,61,0,0,140,0,0,98,0,0,65
1153,1,1,31,1,1,0,1,1,74,0,1,26
1500,0,0,44,0,1,47,0,1,31,0,0,124
1871,0,0,118,0,0,157,0,0,166,0,0,262
1510,0,0,0,1,1,43,0,1,50,1,1,31
1919,0,1,109,0,1,89,1,1,49,0,1,3
1777,0,0,0,0,1,54,0,0,53,0,0,5
1966,1,1,0,1,1,16,1,1,36,1,1,0
2538,1,1,11,1,1,0,0,1,4,0,1,9
1222,1,1,0,1,1,111,0,1,22,0,1,21
1864,0,0,3,0,1,126,1,1,2,1,1,21
2279,0,1,0,1,1,0,1,1,0,0,1,0
2061,1,1,0,1,1,117,0,1,108,1,1,46
1952,0,0,132,0,0,132,0,1,114,0,0,126
2419,0,1,67,0,1,131,0,1,53,0,1,33
2600,0,1,72,0,0,90,0,0,36,1,1,41
1907,0,0,117,0,0,140,1,1,80,0,1,148
2209,0,0,23,0,0,20,0,0,14,0,0,11
1914,1,1,0,1,1,63,1,1,7,1,1,0
1675,1,1,65,0,1,238,0,1,252,0,1,553
1426,0,0,0,1,1,31,0,1,16,0,1,51
1703,0,0,102,0,1,156,0,0,99,0,0,106
2258,0,0,19,0,1,129,0,1,48,0,1,164
1895,0,0,29,0,1,56,0,0,43,0,0,50
1493,1,1,0,1,1,0,1,1,0,1,1,0
1643,0,0,82,0,1,28,0,1,126,0,0,103
1473,0,1,0,1,1,40,0,0,137,0,0,153
1852,0,0,92,0,1,103,0,0,33,0,0,68
2139,1,1,0,1,1,6,1,1,13,1,1,0
1525,1,1,0,0,1,569,0,1,466,0,1,467
1641,0,0,18,0,0,13,0,0,35,0,1,34
1998,0,0,669,0,0,663,0,0,639,0,0,749
1996,0,0,69,0,0,79,0,0,39,0,1,118
1808,0,1,30,0,1,50,0,0,129,0,0,131
2468,1,1,0,1,1,60,0,1,32,0,0,1779
1841,1,1,0,1,1,23,1,1,12,0,1,0
1770,0,0,0,0,1,83,0,0,93,0,0,49
1348,0,0,0,1,1,0,1,1,22,1,1,94
2177,0,0,49,0,0,46,0,1,29,1,1,37
1219,0,0,133,0,0,40,0,1,0,1,1,5
2092,0,0,52,0,0,55,0,0,977,0,1,0
1113,0,0,43,0,1,112,0,0,56,1,1,2
2096,0,1,11,0,1,29,1,1,0,1,1,24
1254,0,0,3,0,1,22,0,0,13,0,1,0
2054,0,1,0,1,1,22,1,1,73,0,0,35
2082,0,1,25,0,1,24,0,1,1,0,0,0
1935,0,0,0,1,1,28,0,1,0,1,1,0
1513,1,1,0,1,1,25,0,1,18,1,1,1
1877,0,1,121,0,1,127,0,1,292,0,1,286
1919,0,0,66,0,0,57,0,0,48,0,0,67
1766,1,1,5,1,1,30,1,1,0,1,1,0
2342,0,1,0,1,1,44,0,1,58,0,1,4
2139,0,0,46,1,1,67,0,1,46,0,0,15
1774,0,0,16,0,0,42,0,0,25,0,0,47
2113,0,0,7,0,1,34,0,0,19,1,1,17
2151,0,0,35,0,1,78,0,0,62,0,0,76
1647,0,0,85,0,0,42,0,0,163,0,0,160
2394,0,0,13,0,0,11,1,1,22,0,1,0
1508,0,1,0,1,1,39,0,0,39,0,1,42
1348,0,1,34,0,1,32,1,1,30,1,1,0
1526,0,0,0,1,1,259,1,1,40,0,1,34
1822,0,0,30,0,0,41,0,0,64,0,0,103
1693,0,1,41,0,1,59,0,1,0,1,1,0
1616,1,1,0,1,1,0,0,1,0,0,1,0
1836,0,1,0,1,1,48,0,0,40,0,0,58
1213,0,1,94,0,1,131,0,1,17,0,1,3
1865,1,1,4,1,1,57,1,1,12,1,1,0
1685,0,1,0,1,1,24,0,1,58,0,1,22
2143,0,1,71,0,0,76,0,0,96,0,0,31
1424,0,1,0,1,1,36,0,1,16,1,1,0
2034,0,0,15,0,1,35,0,0,36,0,0,22
1362,0,1,0,1,1,13,0,1,40,0,0,15
2321,0,0,63,0,0,85,0,0,37,0,0,116
1590,0,0,336,0,0,332,0,0,359,0,0,454
1155,0,1,25,0,0,49,0,1,0,1,1,10
1226,1,1,24,0,1,49,0,1,41,0,1,0
1815,0,0,98,0,0,197,0,0,90,0,0,106
2127,0,1,74,0,1,73,0,1,18,0,0,40
1852,0,0,0,1,1,41,1,1,38,1,1,18
1349,0,0,108,0,0,415,0,0,183,0,0,155
1870,0,0,28,0,0,18,0,1,28,0,0,49
976,1,1,0,1,1,0,1,1,0,1,1,0
2381,0,0,0,1,1,0,1,1,81,1,1,0
2316,0,1,0,1,1,16,1,1,25,1,1,0
1342,0,0,1,0,1,61,1,1,23,0,0,92
1514,1,1,48,0,0,142,0,0,20,0,0,456
1772,1,1,4,1,1,66,0,1,0,1,1,0
1520,0,0,907,0,0,286,0,0,376,0,0,655
2204,0,0,54,0,0,46,0,0,26,1,1,3
1440,1,1,0,1,1,0,1,1,0,1,1,0
1182,1,1,0,0,1,17,1,1,0,1,1,4
1631,0,0,0,1,1,235,0,0,67,0,0,28
1950,0,0,389,0,0,88,0,0,46,0,0,34
2371,1,1,16,1,1,11,0,0,27,1,1,26
1411,0,0,37,0,0,52,0,0,0,0,0,0
1442,0,1,121,0,1,131,0,0,270,0,1,137
1562,1,1,0,1,1,118,1,1,0,1,1,10
2361,0,1,0,1,1,0,1,1,169,0,0,163
1040,1,1,0,1,1,0,0,1,116,0,1,0
1194,0,0,37,0,1,35,1,1,89,0,0,103
2283,1,1,0,1,1,73,1,1,0,1,1,23
1911,1,1,4,1,1,0,1,1,0,1,1,0
1811,1,1,3,1,1,0,1,1,0,1,1,3
2350,0,0,29,0,1,47,0,0,19,0,0,32
873,0,0,78,0,1,80,0,0,158,0,0,176
1955,0,0,0,1,1,0,1,1,0,1,1,0
1500,0,0,69,0,0,215,0,0,127,0,0,74
1968,1,1,0,1,1,87,1,1,4,1,1,0
1273,0,0,148,0,0,147,0,1,9,0,0,36
2083,0,1,0,1,1,315,0,0,291,0,0,1633
1463,0,1,0,1,1,0,1,1,0,1,1,0
1215,0,0,11,0,1,16,0,1,44,0,0,39
1585,0,1,3,0,1,55,0,1,106,0,0,89
1019,0,0,91,0,0,0,0,0,152,0,0,1
1363,0,1,18,0,1,23,0,0,63,0,0,24
1701,1,1,0,1,1,2,1,1,4,1,1,0
666,0,1,79,0,1,21,0,0,44,0,1,108
1705,0,0,76,1,1,224,0,0,135,0,0,75
1825,0,0,115,0,0,105,0,1,34,0,0,12
1700,0,0,103,0,1,96,0,1,130,0,0,83
1207,0,0,5,0,0,19,0,0,50,0,0,46
1711,0,0,77,0,1,83,0,0,183,0,0,181
2039,0,0,75,0,0,71,0,0,21,0,1,15
1994,0,0,51,0,0,84,0,0,192,0,0,190
1250,0,0,28,0,0,34,0,0,46,0,0,60
1179,0,0,515,0,0,599,0,0,464,0,0,811
1108,1,1,0,1,1,0,1,1,122,1,1,0
1529,1,1,5,1,1,39,1,1,71,0,1,0
1402,1,1,0,1,1,0,1,1,114,1,1,16
1793,0,1,0,0,1,0,1,1,0,1,1,0
1888,0,1,0,0,0,67,0,1,72,1,1,17
1437,0,0,71,0,1,123,0,0,106,0,0,164
1363,1,1,53,1,1,25,0,0,87,0,1,0
2111,0,1,53,0,1,139,1,1,0,0,1,33
1442,0,0,18,0,1,69,0,0,109,0,0,69
2097,0,1,0,1,1,17,1,1,0,1,1,0
1387,1,1,25,1,1,72,1,1,22,1,1,68
2533,0,1,30,0,1,10,1,1,45,1,1,10
1483,0,0,78,0,0,94,0,1,56,0,0,38
1175,0,1,20,0,1,0,0,1,1571,0,0,1416
1856,0,0,62,0,0,62,0,0,94,0,0,94
1729,0,1,1919,0,1,2002,0,0,1977,0,0,1909
1151,0,1,0,0,1,38,1,1,0,0,1,54
1679,1,1,0,1,1,10,0,1,13,0,1,2
1056,0,0,226,0,0,240,0,0,260,0,0,239
2210,0,1,0,1,1,0,0,1,59,0,0,67
956,0,0,105,0,0,105,0,0,78,0,0,42
1551,0,0,82,0,0,99,0,0,19,0,0,73
1229,0,1,88,0,0,139,0,0,11,0,1,71
1997,0,0,17,0,0,53,0,1,49,1,1,3
1815,0,0,25,0,0,43,0,0,19,0,0,75
1606,0,0,61,0,0,57,1,1,0,1,1,0
1838,0,0,123,0,0,103,0,0,95,0,0,77
946,1,1,0,1,1,9,1,1,15,0,1,0
1737,0,1,7,0,1,168,0,0,82,0,0,117
1399,0,1,81,0,1,213,1,1,53,0,1,4
1866,0,0,288,0,0,36,0,0,81,0,0,56
1459,0,0,0,1,1,0,0,1,0,1,1,0
1568,0,1,70,0,0,49,0,1,104,0,0,101
2082,0,0,0,1,1,101,0,0,52,0,1,4
1402,1,1,22,1,1,90,0,1,9,0,1,0
1328,0,0,58,0,0,88,0,0,92,0,0,36
1195,0,0,77,0,1,107,0,0,68,0,1,43
2227,1,1,0,1,1,43,0,1,89,0,0,101
1417,0,1,0,1,1,0,0,1,53,1,1,29
2463,0,0,0,1,1,33,0,1,58,0,0,47
1659,0,1,33,0,1,33,0,0,93,0,0,137
1959,1,1,22,1,1,0,1,1,420,1,1,0
1325,0,0,27,0,0,1,0,1,90,0,0,147
1419,0,0,13,0,1,93,0,0,39,0,1,25
2090,0,0,16,0,0,25,0,0,47,0,0,36
1300,0,1,91,0,1,85,0,1,181,0,1,203
1147,0,0,91,0,0,162,0,0,167,0,0,111
1497,0,0,65,0,1,82,0,1,0,0,1,81
1640,1,1,22,1,1,0,1,1,0,1,1,0
2039,1,1,0,1,1,34,0,0,89,0,1,61
1129,0,0,106,0,0,342,0,0,278,0,0,260
1629,0,1,63,0,0,29,1,1,7,0,1,0
1467,0,0,164,0,0,289,0,0,128,0,0,97
2334,0,1,34,0,1,56,0,1,59,0,1,25
1869,0,0,91,0,1,109,0,0,72,0,1,294
1642,0,0,134,0,0,23,1,1,29,0,1,102
1491,0,1,24,0,1,21,1,1,22,0,1,2
1392,0,0,0,1,1,23,0,0,42,0,0,23
2304,0,0,28,0,1,48,0,1,65,0,0,8
1326,0,1,14,0,1,43,0,1,66,0,1,97
1989,0,1,264,0,0,81,1,1,0,1,1,0
1437,1,1,0,1,1,41,0,1,11,1,1,3
1500,0,1,32,0,1,52,0,0,57,0,0,27
1259,0,0,127,0,0,80,0,0,217,0,0,173
1899,0,0,40,0,1,0,1,1,29,1,1,35
1998,0,0,99,0,0,198,0,0,167,0,0,141
1160,0,0,27,0,1,25,0,0,100,0,0,105
1903,0,1,0,1,1,291,0,0,334,0,0,265
1796,0,0,218,0,0,341,0,0,225,0,0,288
2163,0,0,65,0,0,58,0,0,94,0,0,86
1300,1,1,0,1,1,0,1,1,0,0,1,0
1685,1,1,64,0,0,43,1,1,0,0,1,0
1248,1,1,58,0,1,48,1,1,82,1,1,10
2224,1,1,0,1,1,48,1,1,9,1,1,5
2609,0,1,76,0,0,78,0,1,40,0,1,0
1825,1,1,0,1,1,0,0,1,59,1,1,31
1939,0,0,82,0,0,115,0,0,145,0,0,97
1752,0,0,390,0,0,366,1,1,4,1,1,0
1860,0,1,2,0,1,38,0,0,0,0,0,13
1632,0,0,371,0,0,187,0,0,23,0,0,318
1924,0,0,0,1,1,58,0,0,0,0,0,0
1610,1,1,0,1,1,36,1,1,0,1,1,9
2169,0,0,105,0,0,2,0,0,78,0,0,230
1705,0,1,9,0,1,19,0,0,36,0,1,24
1106,0,0,161,0,0,0,0,0,247,0,0,111
1500,0,0,24,0,1,285,0,0,55,0,0,5
2001,0,1,25,0,0,26,0,1,30,0,0,46
1886,0,0,78,1,1,7,0,1,36,0,0,85
1437,0,1,0,1,1,145,1,1,15,0,1,13
1520,0,1,0,1,1,171,0,1,0,1,1,0
1311,1,1,6,0,1,0,0,1,39,1,1,0
1307,0,0,99,0,0,389,0,0,886,1,1,0
2468,0,0,138,0,0,102,0,0,29,0,1,13
916,0,0,119,0,0,74,0,1,115,0,1,111
2051,0,0,78,0,0,118,0,0,73,0,0,36
1228,1,1,0,1,1,106,0,0,0,0,0,3
2216,1,1,0,0,1,8,0,1,13,1,1,0
977,0,0,153,0,0,158,0,0,214,0,0,437
1560,0,0,0,1,1,0,0,0,0,1,1,5
1613,0,0,53,0,0,49,0,1,69,0,0,75
1127,0,0,79,0,1,116,0,0,154,0,0,83
2204,0,1,0,1,1,25,1,1,0,0,1,0
1942,0,1,51,0,1,80,0,0,0,1,1,21
2157,0,1,0,1,1,21,1,1,5,1,1,0
1789,0,1,56,0,1,136,0,0,140,0,1,134
937,1,1,0,1,1,30,1,1,33,1,1,17
1376,1,1,0,1,1,0,1,1,11,1,1,8
1205,0,0,100,0,1,110,0,0,60,0,0,20
2396,0,0,29,0,0,0,1,1,5,1,1,2
1019,0,0,995,0,1,0,0,1,0,0,1,0
1553,0,0,16,0,1,70,0,0,17,0,1,0
1371,0,0,77,0,0,45,0,0,44,0,0,32
1958,0,1,124,0,0,0,0,1,317,0,0,161
2095,0,0,37,0,0,81,0,1,82,0,0,197
1485,0,1,0,1,1,0,0,1,117,0,0,0
1212,0,1,40,0,0,56,0,0,97,0,0,48
1917,0,1,119,0,1,179,0,1,139,0,1,54
1573,0,0,101,0,1,194,0,0,142,0,0,81
1777,0,1,5,0,1,30,1,1,0,1,1,0
1943,0,0,161,0,1,165,0,0,22,0,1,0
1317,1,1,38,0,1,16,0,1,0,1,1,0
1962,1,1,0,0,1,0,1,1,0,1,1,2
2145,0,1,48,0,1,38,0,1,17,1,1,0
2367,0,1,0,1,1,121,1,1,0,1,1,0
1198,1,1,0,1,1,90,0,0,234,0,0,60
2433,1,1,2,1,1,0,1,1,22,1,1,25
1894,1,1,0,1,1,36,0,1,96,0,1,51
2028,0,1,34,0,1,52,0,1,72,0,1,29
1946,1,1,6,1,1,30,1,1,18,1,1,11
2017,0,0,0,1,1,7,0,1,3,0,0,0
1463,0,1,76,0,1,56,0,0,162,0,0,44
1638,0,0,545,0,0,618,0,0,808,0,0,825
1549,0,1,108,0,0,78,0,0,69,0,0,81
2061,0,0,89,0,0,188,0,0,76,0,0,43
1357,0,0,166,0,0,261,0,0,201,0,0,206
2267,0,1,0,1,1,61,0,1,38,1,1,34
2120,0,0,42,0,0,0,1,1,0,1,1,0
1024,0,1,0,1,1,0,1,1,0,1,1,17
1584,0,1,157,0,1,101,0,1,1353,0,1,0
1681,0,0,37,0,1,80,0,0,71,0,0,37
1216,1,1,0,1,1,11,1,1,0,1,1,12
2529,0,1,14,0,1,24,0,0,1,1,1,4
1483,0,0,154,0,0,148,0,0,143,0,0,154
1537,0,1,0,1,1,25,0,1,12,1,1,5
1769,0,1,10,0,1,294,0,0,45,0,0,84
1198,0,0,62,0,0,2,0,0,28,1,1,0
2377,0,1,17,0,1,14,1,1,5,1,1,9
1364,0,0,202,0,0,193,0,0,198,0,0,264
2180,0,1,9,0,0,5,0,1,40,1,1,2
1523,0,1,174,0,1,193,0,1,327,0,0,170
2025,0,1,0,1,1,39,0,1,16,1,1,0
1254,1,1,0,1,1,0,1,1,248,1,1,0
1641,0,0,2097,0,0,2097,0,0,2059,0,0,2009
1100,0,0,246,0,0,32,0,0,198,0,0,75
1618,0,0,11,0,1,23,0,1,9,0,1,2
1698,0,1,1,0,1,9,0,0,13,0,0,43
2204,0,0,33,0,1,200,0,0,67,0,0,66
1095,0,0,248,0,0,248,0,0,279,0,0,259
1322,0,0,0,1,1,20,0,0,68,0,0,39
1281,0,0,0,1,1,63,0,0,60,0,1,21
1162,0,0,43,0,0,92,0,0,81,0,0,58
1545,1,1,0,1,1,0,0,1,0,1,1,0
1803,1,1,0,1,1,10,0,1,0,1,1,0
1331,0,0,33,0,0,234,0,0,56,0,1,149
1729,1,1,2,1,1,0,0,1,0,1,1,0
1632,1,1,0,1,1,62,1,1,0,1,1,31
2145,0,0,28,0,1,0,1,1,0,0,1,167
1270,0,0,49,0,1,79,0,0,51,0,1,32
1134,0,1,2767,0,0,2643,0,0,358,0,1,0
1462,1,1,0,1,1,0,1,1,12,1,1,0
1797,0,0,50,0,0,91,0,0,0,0,0,40
1574,0,0,82,0,0,170,0,0,120,0,0,88
2247,1,1,0,1,1,11,1,1,18,0,1,0
2244,1,1,0,0,1,60,0,1,108,0,0,33
1459,0,0,32,0,0,52,1,1,22,0,1,37
1604,0,0,75,0,1,125,0,0,34,0,0,7
2183,1,1,0,1,1,156,1,1,0,1,1,8
1867,0,0,6,0,1,14,0,1,41,0,1,0
1038,0,0,8,0,0,95,0,0,147,0,0,168
1438,0,1,0,1,1,14,0,0,40,0,0,77
1897,0,1,7,0,1,4,0,0,77,0,1,13
2268,1,1,0,1,1,68,0,0,104,0,0,205
1835,1,1,0,1,1,14,1,1,35,1,1,0
1843,1,1,35,1,1,0,1,1,189,0,1,74
1026,0,1,36,0,1,79,0,1,37,0,1,33
2004,0,1,0,1,1,0,1,1,29,1,1,0
2361,0,1,12,0,1,0,1,1,0,0,1,9
1524,1,1,0,1,1,0,1,1,0,1,1,0
2012,1,1,0,0,1,0,1,1,17,0,0,66
1718,0,0,44,0,0,119,0,0,115,0,0,131
1860,0,1,46,0,1,0,0,0,31,0,0,49
1907,0,0,0,1,1,179,0,0,0,0,0,0
1597,0,1,297,0,1,235,0,1,412,0,1,334
1034,0,1,204,0,0,234,0,1,105,0,1,63
1689,0,0,70,0,0,79,0,0,120,0,0,115
2361,1,1,0,1,1,35,0,0,45,0,0,87
1567,0,0,0,1,1,283,0,1,10,0,0,32
1796,0,1,41,0,0,0,0,0,56,0,0,134
1616,0,1,38,0,0,45,0,0,35,0,0,33
2337,0,0,20,0,1,20,0,0,339,0,0,513
1909,0,0,0,1,1,0,1,1,35,1,1,41
1643,0,0,34,0,0,91,0,1,98,0,0,92
1109,0,0,144,0,1,239,0,0,251,0,1,219
1569,1,1,0,1,1,7,0,1,18,0,0,54
1706,1,1,0,1,1,46,1,1,0,1,1,0
2031,1,1,0,1,1,0,1,1,0,1,1,0
1325,1,1,0,1,1,16,1,1,21,1,1,0
2090,0,1,5,0,1,0,1,1,0,1,1,14
1324,0,0,100,0,0,97,0,1,34,0,0,53
1509,0,0,26,0,1,27,0,1,35,0,1,29
2006,0,1,175,0,0,0,0,1,62,0,1,0
1382,0,0,51,0,0,27,0,0,24,0,1,34
1551,1,1,114,0,1,1851,0,0,1,0,0,1
1644,0,0,0,1,1,25,0,1,6,0,0,12
755,0,0,395,0,0,501,0,0,433,0,0,400
1716,0,1,0,1,1,144,1,1,0,1,1,0
1112,0,0,36,0,1,87,0,1,27,0,1,35
1793,1,1,0,1,1,0,1,1,0,1,1,0
1513,0,1,0,1,1,33,0,0,23,1,1,41
1566,0,0,45,0,1,154,0,0,152,0,0,165
1873,0,1,22,0,1,35,0,1,24,0,1,14
1573,0,1,67,0,1,20,0,1,70,0,0,59
2219,0,1,0,1,1,44,0,1,18,0,1,16
2246,0,0,516,0,0,379,1,1,0,0,1,150
1337,0,0,91,0,0,91,0,0,235,0,0,192
1475,0,0,72,0,0,5,0,0,45,0,0,668
1449,1,1,0,1,1,0,0,1,51,0,1,9
1712,0,1,3364,0,1,3359,0,1,3166,1,1,0
1620,0,1,186,0,1,288,0,1,328,0,0,374
1959,0,0,76,0,0,70,0,0,59,0,0,25
1108,0,1,7,0,1,82,0,1,118,0,1,46
2002,0,0,6,0,0,27,0,1,0,0,0,53
2282,1,1,0,1,1,12,1,1,28,1,1,21
2440,0,1,0,1,1,60,1,1,0,1,1,7
1987,0,1,34,0,1,80,0,0,108,0,0,11
1369,0,0,96,0,0,95,0,0,66,0,0,82
1976,0,0,0,1,1,32,1,1,14,1,1,1
2267,0,0,20,0,1,38,0,0,58,0,0,50
1500,1,1,8,0,1,24,0,0,0,0,0,0
1609,0,0,29,0,0,7,0,0,19,1,1,0
1871,1,1,13,1,1,44,0,0,1955,0,0,1864
1626,0,0,251,0,0,10,0,0,47,0,0,9
1820,0,0,0,1,1,37,1,1,0,1,1,0
1439,0,0,42,0,0,47,0,0,57,0,0,48
1782,0,0,93,0,1,33,0,1,59,0,1,0
1685,0,1,231,0,0,97,0,1,19,0,1,79
1763,0,0,20,0,1,70,0,1,1,0,1,0
1787,0,1,0,0,1,0,0,1,27,0,1,0
1035,0,0,66,0,0,66,1,1,0,0,1,0
1946,0,0,166,0,0,210,0,0,508,0,0,597
2102,0,1,72,0,1,0,1,1,0,0,0,30
2087,0,0,110,0,0,106,0,0,269,0,0,275
1510,0,1,12,1,1,26,1,1,0,1,1,16
2061,0,0,0,1,1,10,1,1,0,1,1,2
1913,0,1,26,0,1,49,0,0,2,1,1,2046
2108,1,1,1,0,1,49,1,1,55,1,1,0
2172,0,0,0,1,1,186,0,0,20,0,0,96
1682,0,1,223,0,0,38,0,1,68,0,1,21
2219,1,1,0,1,1,92,1,1,0,1,1,0
1644,0,1,0,1,1,0,1,1,121,0,0,78
1997,1,1,0,1,1,11,1,1,27,1,1,0
1837,1,1,0,1,1,0,1,1,63,1,1,0
1561,0,1,16,0,1,66,1,1,47,1,1,0
1201,1,1,9,1,1,0,0,0,53,0,0,50
1906,0,0,219,0,0,319,0,0,327,0,0,401
2827,0,0,162,0,0,41,1,1,0,1,1,16
1762,0,1,0,1,1,31,0,0,24,0,0,10
1863,0,0,35,0,0,186,0,0,162,0,0,286
2021,0,0,68,0,0,51,0,0,26,0,0,5
2153,0,0,0,0,1,48,0,0,23,0,0,28
1242,1,1,0,1,1,28,1,1,11,1,1,2
1802,0,0,46,0,0,0,0,0,31,0,0,13
1656,0,0,157,0,0,216,0,0,74,0,0,72
1399,1,1,0,1,1,19,1,1,0,1,1,0
1729,0,1,0,1,1,26,0,0,6,0,1,21
1993,0,1,4,0,1,0,1,1,0,0,1,23
1182,0,1,0,1,1,43,0,1,9,1,1,17
1205,0,1,0,1,1,57,0,1,55,0,1,62
1873,0,0,307,0,0,227,0,0,104,0,0,64
1715,1,1,13,0,1,10,0,1,23,0,1,0
1590,0,0,201,0,0,118,0,0,75,0,1,33
1676,0,1,0,0,1,13,0,1,63,0,0,55
2015,0,1,109,0,1,79,0,1,97,0,1,182
1777,0,0,100,0,0,100,0,0,68,1,1,9
1788,1,1,0,1,1,6,0,1,46,1,1,0
2459,0,1,0,1,1,42,1,1,86,0,0,0
1277,1,1,0,1,1,66,1,1,0,1,1,28
1214,0,0,171,0,0,227,1,1,175,0,1,0
1523,0,1,26,0,0,0,0,1,87,0,0,26
2272,0,0,16,0,1,13,0,0,0,0,1,59
2213,0,1,53,0,1,67,0,1,55,1,1,0
1928,0,0,68,0,0,101,0,0,569,0,0,623
1181,0,0,116,0,0,112,0,0,130,0,0,63
743,0,1,0,1,1,86,1,1,0,0,0,21
1283,0,0,0,1,1,60,1,1,158,1,1,0
1470,0,0,37,0,1,86,0,0,136,0,0,185
728,0,0,120,0,0,270,0,0,291,0,0,222
2006,0,0,7,0,1,4,0,0,22,0,0,58
2322,0,1,13,0,1,22,1,1,3,0,1,19
2009,0,0,32,0,1,30,0,1,21,0,0,42
1610,1,1,0,1,1,81,1,1,2,1,1,12
1586,0,0,0,1,1,155,0,1,23,0,1,12
1769,0,1,0,1,1,45,0,1,43,1,1,17
1577,0,1,138,0,1,68,1,1,0,0,1,0
1212,0,0,61,0,0,58,0,0,59,0,1,31
1036,1,1,33,1,1,0,1,1,0,0,1,0
1611,0,1,14,0,1,10,0,0,28,0,1,18
902,1,1,0,1,1,0,0,1,0,1,1,0
1151,1,1,0,1,1,0,1,1,20,1,1,0
2546,1,1,41,1,1,9,0,1,470,0,1,86
1401,0,1,0,1,1,51,0,1,10,0,1,11
1500,1,1,0,1,1,0,1,1,0,1,1,0
1562,0,1,0,1,1,40,1,1,27,1,1,41
886,0,1,176,0,0,123,0,1,387,0,1,403
1468,0,0,14,0,1,76,0,0,70,0,0,48
2449,1,1,0,1,1,0,1,1,0,1,1,0
1856,0,1,56,0,1,62,1,1,70,0,1,22
2107,0,1,128,0,0,28,0,1,93,0,1,0
1715,0,0,0,0,0,86,0,0,23,0,0,4
1835,0,0,13,0,1,1,0,0,2,0,0,0
1018,0,1,11,0,0,47,1,1,0,0,1,28
1513,1,1,0,1,1,27,1,1,12,0,1,11
1951,0,0,0,1,1,16,0,0,0,1,1,0
1644,0,0,173,0,0,173,0,0,133,0,1,251
1774,1,1,2,1,1,72,0,0,0,0,1,7
1500,0,1,42,0,1,53,0,0,44,0,0,27
1442,0,1,12,0,1,202,0,1,0,1,1,19
1597,1,1,0,1,1,53,1,1,3,1,1,0
1473,0,1,30,0,1,62,0,0,19,0,0,22
1997,0,1,63,0,1,57,1,1,49,0,1,33
1635,1,1,0,1,1,16,1,1,39,1,1,0
1155,0,1,101,0,0,57,1,1,0,0,1,1
1710,1,1,0,1,1,11,1,1,67,1,1,0
1356,0,0,28,0,1,68,0,0,29,0,0,14
1275,0,1,45,0,0,42,0,0,20,0,1,16
1417,0,0,36,0,1,108,0,1,13,0,1,41
1269,1,1,0,1,1,58,1,1,9,1,1,1
2236,1,1,0,1,1,15,1,1,26,1,1,0
1362,0,0,22,0,1,89,0,0,109,0,0,79
1983,0,0,53,0,0,44,0,1,0,0,1,0
2319,1,1,20,1,1,35,0,1,0,0,1,3
949,0,1,182,0,0,187,0,0,77,0,0,77
1935,0,0,32,0,0,30,1,1,5,1,1,1
1615,0,0,49,0,1,113,0,0,37,0,1,38
1427,1,1,0,1,1,54,1,1,9,1,1,0
1388,0,1,15,0,1,82,0,1,1655,0,1,0
2125,0,0,206,0,0,179,0,0,286,0,0,281
2167,0,0,0,1,1,31,0,0,45,1,1,6
1346,0,0,230,0,0,237,0,0,0,0,0,0
2291,0,1,0,1,1,0,0,0,153,0,0,166
1683,0,0,63,0,0,142,0,1,12,0,1,0
1911,0,0,0,1,1,25,0,1,39,0,0,10
1558,0,1,37,0,1,76,0,1,83,0,1,80
1561,1,1,0,1,1,27,1,1,0,0,1,11
1128,1,1,0,1,1,0,0,1,21,0,1,0
1633,1,1,0,1,1,0,1,1,0,1,1,32
1124,0,0,142,0,0,50,0,0,55,0,0,104
1906,0,0,0,1,1,0,1,1,30,1,1,14
2221,1,1,0,1,1,9,1,1,0,1,1,17
1531,1,1,114,0,0,107,0,0,80,0,1,0
2269,0,1,0,1,1,0,1,1,0,0,1,1
1563,0,0,127,0,0,242,0,0,305,0,0,343
2167,0,1,0,1,1,35,0,1,44,0,1,31
1092,1,1,0,1,1,0,1,1,0,1,1,18
1773,0,0,189,0,0,188,0,0,237,0,0,212
1580,0,1,34,0,1,0,0,1,193,0,1,200
2065,0,1,20,0,1,0,1,1,0,0,1,7
2017,0,1,0,1,1,111,0,1,0,1,1,4
1462,0,1,92,0,1,372,0,0,234,0,0,161
1929,1,1,0,1,1,39,1,1,0,1,1,13
2235,1,1,33,1,1,80,1,1,0,1,1,0
1521,0,0,133,0,0,115,0,0,85,0,1,103
1574,0,1,40,0,1,22,0,1,21,0,1,25
2025,0,0,0,0,1,23,0,0,48,0,0,8
1309,0,1,149,0,0,0,0,1,107,0,1,186
1271,0,0,47,0,1,60,0,0,96,0,0,118
1529,1,1,64,1,1,0,1,1,38,1,1,0
1973,0,0,20,0,0,46,1,1,18,0,0,15
1761,0,1,0,1,1,41,0,1,0,1,1,16
1640,0,1,6,0,1,226,0,1,0,0,0,0
1753,0,1,6,0,1,0,1,1,29,0,1,61
1167,1,1,0,1,1,0,1,1,0,1,1,0
791,0,1,92,0,0,28,1,1,36,0,0,51
2551,1,1,340,1,1,0,1,1,0,1,1,0
1462,0,1,0,1,1,0,1,1,0,1,1,9
1290,1,1,77,0,0,30,1,1,70,0,1,158
2009,0,0,67,0,0,216,0,0,201,0,0,372
1160,0,0,56,0,0,180,0,0,138,0,0,259
1533,1,1,0,1,1,8,1,1,11,1,1,14
2482,0,0,46,0,0,0,0,0,124,0,1,102
1112,1,1,0,1,1,47,0,0,148,0,0,58
953,0,1,13,0,1,13,1,1,0,1,1,3
1260,0,0,155,0,1,102,0,0,325,0,0,175
1422,0,0,59,0,0,22,0,0,48,0,1,60
1646,0,1,0,1,1,27,0,0,34,0,0,0
1522,0,0,24,0,1,138,0,0,76,0,0,55
1584,0,1,24,0,1,68,0,1,91,0,1,135
999,0,1,0,1,1,51,0,0,86,0,0,90
2561,0,1,40,0,1,0,1,1,0,1,1,0
1637,0,0,0,1,1,30,0,0,34,0,1,98
2561,1,1,18,1,1,0,0,1,0,1,1,0
2000,0,0,0,1,1,46,0,0,61,0,1,4
1899,0,1,46,0,1,71,0,0,29,0,1,0
1763,1,1,58,0,0,44,0,1,68,0,0,9
1200,0,0,0,1,1,0,1,1,0,1,1,0
876,0,0,388,0,0,433,0,0,664,0,0,591
1376,0,1,18,0,1,48,0,1,49,0,1,23
2433,1,1,82,0,0,60,1,1,0,1,1,0
1191,1,1,0,1,1,0,1,1,9,1,1,0
868,0,0,57,0,1,57,0,1,111,0,1,2
1296,0,0,185,0,0,145,0,0,115,0,0,172
1419,0,0,240,0,0,175,0,0,64,0,0,33
1751,0,0,62,0,0,58,0,0,20,0,1,13
1436,1,1,0,1,1,0,1,1,5,1,1,0
1773,0,0,1507,0,0,909,0,0,1,0,0,1
1901,0,1,0,1,1,31,0,0,5,1,1,7
1461,0,1,0,1,1,49,0,1,0,0,1,0
1793,1,1,0,1,1,2,0,1,34,0,1,51
1661,0,0,0,1,1,27,0,0,45,0,0,33
1875,0,0,22,0,1,33,0,1,74,0,0,75
2031,0,0,206,0,0,206,0,0,262,0,0,310
2213,0,0,0,0,1,22,1,1,24,0,0,11
1211,0,1,479,0,0,104,0,1,49,0,1,98
1999,1,1,0,1,1,95,0,1,16,1,1,3
1913,0,1,38,0,1,28,0,1,91,0,0,52
1778,0,1,0,1,1,60,1,1,0,1,1,0
2102,0,0,10,1,1,2,0,1,28,1,1,7
2304,0,1,24,0,1,19,0,1,57,0,1,8
1669,0,0,39,0,0,39,0,0,195,0,0,180
1031,0,1,64,0,1,16,0,1,11,0,0,12
1726,0,1,1,0,0,2,1,1,0,1,1,0
1066,1,1,0,1,1,62,0,1,0,0,0,209
963,0,1,0,1,1,21,0,1,23,1,1,1
1659,0,0,372,0,0,1133,0,0,1107,0,0,2
1675,0,0,195,0,0,0,0,0,68,0,0,0
2141,0,0,0,1,1,35,1,1,27,1,1,0
1318,1,1,0,1,1,26,1,1,0,1,1,25
1254,0,0,242,0,0,182,1,1,19,1,1,0
1173,0,1,0,1,1,0,0,1,66,0,1,176
1662,0,0,230,0,0,405,0,0,340,0,0,377
1486,0,1,11,0,1,1,0,1,8,0,1,79
1790,0,1,39,0,1,98,0,1,132,0,0,87
2127,0,0,91,0,0,159,0,0,78,0,0,83
1483,1,1,0,1,1,0,1,1,19,0,1,0
1193,0,1,0,1,1,0,0,1,0,0,1,28
1481,0,0,314,0,0,313,0,0,291,0,0,206
1502,0,0,41,0,0,91,0,0,78,0,0,80
1323,0,0,50,0,1,0,0,1,0,1,1,9
2204,0,1,3,0,1,12,1,1,43,1,1,2
2178,0,0,0,1,1,75,0,0,63,0,1,7
1457,0,0,243,0,1,239,0,0,603,0,0,708
1355,1,1,0,1,1,26,1,1,14,1,1,0
2007,0,0,168,0,0,158,0,1,82,0,1,94
2291,1,1,0,1,1,44,1,1,0,1,1,0
1930,1,1,0,1,1,50,1,1,32,0,1,4
1901,1,1,0,1,1,59,1,1,36,1,1,0
2116,0,1,0,1,1,8,0,1,27,0,0,25
1778,0,0,94,0,1,82,0,0,19,0,0,23
1716,0,1,0,1,1,0,1,1,0,1,1,0
2038,0,1,120,0,1,17,0,1,0,1,1,0
1015,0,0,62,0,0,79,0,0,85,0,0,55
2318,0,0,47,0,0,44,0,1,25,0,1,5
2043,0,1,52,0,0,27,0,0,91,0,0,118
1773,0,1,12,0,1,47,0,0,44,0,0,43
2259,0,0,17,0,1,13,0,1,3,1,1,30
1163,0,1,42,0,1,62,0,1,81,0,0,78
971,1,1,405,0,0,33,0,1,8,0,1,28
2121,0,1,0,1,1,21,1,1,5,0,1,0
2057,0,1,0,1,1,103,1,1,0,1,1,132
1723,0,1,163,0,1,218,0,1,47,1,1,0
1345,1,1,300,0,0,431,0,0,408,0,0,387
1027,0,0,169,0,0,117,0,0,138,0,0,133
2065,1,1,45,1,1,0,1,1,132,0,1,0
1811,0,0,32,0,1,32,1,1,6,1,1,15
1822,1,1,0,1,1,89,0,0,178,0,0,69
1152,0,0,15,0,1,98,0,0,42,0,0,36
2234,1,1,68,0,0,86,0,0,93,0,1,46
1537,0,0,610,0,0,599,0,0,252,0,0,376
1680,1,1,0,1,1,10,1,1,11,1,1,2
1398,1,1,0,1,1,22,0,1,0,1,1,1
1369,0,0,61,0,0,113,0,0,442,0,0,505
1834,0,0,1681,0,0,1626,0,0,1742,0,0,1689
1786,0,0,10,0,1,54,0,0,20,0,0,116
1032,0,0,0,0,1,3,1,1,0,0,1,23
1866,0,0,177,0,0,231,0,0,14,0,1,0
2343,0,1,0,1,1,27,0,1,5,1,1,30
1755,0,1,23,0,1,21,0,0,34,0,0,44
1582,1,1,0,1,1,34,1,1,17,1,1,12
1522,1,1,0,1,1,106,1,1,0,1,1,15
1281,0,0,79,0,0,157,0,0,98,0,0,182
1389,0,0,100,0,0,94,0,0,80,0,0,33
1630,0,0,39,0,0,107,0,0,60,0,0,38
1500,0,1,8,0,1,9,0,1,18,0,1,3
925,0,1,115,0,1,208,0,0,48,0,0,106
1375,0,1,0,1,1,15,0,0,107,0,1,158
1510,0,0,388,0,0,1034,0,0,733,0,0,577
1709,0,1,0,1,1,45,0,1,24,0,1,0
1887,0,0,18,0,0,51,0,1,66,0,0,67
1280,0,1,19,0,1,179,0,1,0,0,1,3
1630,0,0,313,0,0,266,0,0,419,0,0,356
1753,1,1,0,1,1,62,0,0,85,0,0,70
2060,0,0,103,0,0,23,0,0,12,0,0,46
2057,0,1,1,0,1,9,1,1,13,0,0,20
2011,1,1,0,1,1,0,1,1,0,1,1,13
2072,1,1,0,1,1,18,0,0,4,1,1,33
964,0,0,117,0,0,44,0,0,23,0,0,14
1418,0,0,14,0,0,12,0,0,54,0,0,46
2200,0,0,25,0,1,70,0,0,50,1,1,2715
1501,0,0,128,0,0,91,0,0,47,0,1,1226
1647,1,1,38,1,1,0,1,1,86,1,1,21
2616,0,0,5,0,1,5,0,1,0,1,1,0
1752,0,0,0,1,1,18,0,1,19,0,0,22
1242,0,1,37,0,1,71,0,0,48,0,0,50
1510,0,0,246,0,0,188,0,0,69,0,0,67
1422,0,1,14,0,1,75,1,1,30,1,1,0
2307,0,0,1,0,1,12,1,1,27,0,1,9
1523,0,0,13,0,0,83,0,0,121,0,0,139
1722,1,1,0,1,1,0,1,1,20,1,1,17
1758,0,0,44,0,0,66,0,1,17,0,1,24
1323,0,1,106,0,1,181,0,1,86,0,1,84
2011,0,0,81,0,0,74,0,0,138,0,0,187
1131,1,1,0,1,1,0,0,1,53,0,1,90
2296,1,1,0,1,1,0,1,1,103,0,1,7
1704,0,0,55,0,1,79,0,0,247,0,0,102
1313,0,1,624,0,1,752,0,1,732,0,0,903
1666,0,0,35,0,0,17,0,0,159,0,0,117
2068,0,0,50,0,0,29,1,1,36,0,0,0
1524,0,1,65,0,1,108,0,1,0,0,1,67
2166,0,1,34,0,0,0,0,0,0,0,0,128
1230,0,0,111,0,0,94,0,1,169,0,0,156
1329,0,0,25,0,0,60,0,1,27,0,0,59
2017,0,0,12,0,1,106,0,0,57,0,1,12
1922,1,1,8,1,1,0,0,1,0,0,1,42
2124,0,0,278,0,0,7,0,1,38,0,0,0
806,0,0,0,1,1,0,1,1,64,0,0,30
983,0,0,326,0,0,496,0,0,457,0,0,419
1620,0,1,8,0,1,50,1,1,16,1,1,0
1020,1,1,91,0,0,65,0,0,50,0,0,60
1914,0,1,128,0,1,147,0,1,10,1,1,0
907,1,1,0,0,1,51,0,1,75,0,0,74
2051,0,0,80,0,0,73,0,0,81,0,0,98
1158,0,0,0,0,1,134,0,0,178,0,0,68
1727,0,0,45,0,0,78,0,0,103,0,0,162
2222,0,1,67,0,1,61,1,1,4,1,1,0
1929,0,1,8,0,1,39,0,1,17,1,1,0
1249,0,1,60,0,1,66,0,0,58,0,0,86
2274,0,0,63,0,1,174,0,1,228,0,0,278
1945,1,1,0,1,1,22,1,1,0,0,1,0
2125,1,1,13,1,1,3,1,1,10,1,1,0
1656,0,0,14,0,1,42,0,0,247,0,0,202
2313,0,0,52,0,0,54,0,0,95,0,0,111
1231,0,1,75,0,1,58,1,1,0,0,1,24
1615,1,1,0,1,1,0,1,1,33,1,1,0
1663,0,0,0,0,1,7,0,0,20,0,0,37
596,0,0,120,0,0,141,0,0,57,0,0,51
2721,0,0,69,0,0,78,0,0,100,0,0,81
1486,0,0,119,0,0,0,0,1,0,0,1,11
1095,1,1,0,1,1,16,0,0,50,0,0,0
916,0,1,110,1,1,0,1,1,20,0,1,0
1852,0,0,72,0,0,77,0,1,23,0,1,0
2261,0,1,35,0,1,22,0,0,0,1,1,22
1808,1,1,0,1,1,0,1,1,0,1,1,0
2158,0,0,0,1,1,110,0,1,0,1,1,33
2157,0,0,180,0,0,25,0,0,54,0,0,21
2340,1,1,4,0,1,51,1,1,46,0,1,78
1305,1,1,72,0,1,57,0,0,68,0,1,41
1986,0,0,48,0,0,108,0,0,57,0,0,38
2044,0,1,9,0,1,0,1,1,0,1,1,3
1542,0,1,14,0,1,156,0,0,131,0,0,139
1930,0,0,0,1,1,80,0,0,1,0,1,0
2350,0,0,0,1,1,42,1,1,36,1,1,8
2187,0,1,11,0,1,0,0,1,79,0,0,65
1525,1,1,0,1,1,66,1,1,14,1,1,0
1392,1,1,0,1,1,59,1,1,0,1,1,0
1790,0,0,2,0,1,53,0,1,75,1,1,5
1986,0,0,12,0,1,37,0,0,38,0,0,35
887,1,1,0,1,1,17,0,0,45,0,0,10
2048,0,0,80,0,1,76,1,1,4,1,1,23
1039,0,0,484,0,0,899,0,0,2548,0,0,2526
2144,0,0,0,1,1,44,0,1,0,0,1,18
1875,0,1,1,0,1,14,0,0,19,0,1,19
1681,0,1,0,1,1,0,0,1,0,1,1,0
2089,0,1,68,0,1,65,0,1,11,0,1,0
2046,1,1,7,0,1,52,1,1,81,0,1,5
1230,0,0,158,0,0,261,0,0,0,1,1,78
1779,0,0,170,0,0,71,0,0,0,0,0,3
1384,1,1,34,1,1,50,0,1,46,0,0,27
1419,0,0,84,0,0,60,0,0,58,0,0,75
2219,1,1,0,1,1,321,0,1,109,0,0,141
1819,0,1,0,1,1,120,1,1,22,0,1,94
1057,0,1,0,0,1,65,0,1,92,0,1,57
779,0,0,28,0,0,0,0,1,28,0,1,36
1459,1,1,0,1,1,33,0,1,0,1,1,33
1898,0,1,503,0,0,257,0,1,45,1,1,1478
2631,0,1,0,1,1,18,1,1,51,0,1,87
1002,0,0,56,0,1,224,0,0,117,0,0,173
2404,0,1,0,1,1,0,1,1,117,0,0,135
2365,1,1,0,1,1,24,0,1,20,0,1,113
1272,0,0,106,0,0,0,0,0,171,0,0,217
1737,1,1,0,1,1,0,0,1,292,0,1,11
1957,0,0,0,0,1,29,0,1,29,0,1,0
2182,0,0,61,0,0,174,0,0,135,0,0,188
1503,0,0,20,0,1,65,0,0,85,0,0,51
2235,1,1,0,1,1,0,1,1,0,0,1,31
1654,0,1,73,0,0,86,0,0,0,0,0,0
2050,0,0,91,0,0,68,0,0,72,0,0,46
1558,0,0,24,0,0,20,0,0,40,0,0,29
1500,0,0,21,0,0,64,0,1,67,0,1,47
1150,0,1,29,0,1,51,0,0,65,0,1,33
1993,0,1,0,0,1,92,1,1,37,0,0,23
2079,1,1,0,0,1,47,0,0,97,0,0,19
1894,0,0,23,0,0,45,0,1,19,0,1,0
2332,0,0,107,0,0,168,0,0,162,0,1,139
1406,0,0,53,0,1,33,0,0,89,0,0,85
1807,1,1,0,1,1,0,1,1,0,0,1,0
1165,0,1,42,0,0,62,0,1,8,0,1,1
983,0,1,60,0,0,81,1,1,13,1,1,2
2145,1,1,40,1,1,0,0,1,100,0,1,31
1038,0,1,2,0,1,57,0,1,55,1,1,33
2109,0,0,155,0,0,183,0,0,172,0,0,203
1697,1,1,38,1,1,50,0,1,23,1,1,0
1981,0,1,9,0,1,37,1,1,5,1,1,43
1500,0,0,95,0,0,94,0,0,101,0,0,135
1122,0,1,195,1,1,109,1,1,0,1,1,0
2196,0,1,252,0,0,43,0,1,35,0,1,0
1572,0,0,0,1,1,0,0,1,0,0,1,91
1703,1,1,0,1,1,46,1,1,8,1,1,0
1555,1,1,27,1,1,2138,0,0,2142,0,0,2102
2107,0,1,0,1,1,24,0,1,17,1,1,54
1766,0,0,86,0,0,88,1,1,0,0,1,37
1269,1,1,0,1,1,271,0,0,109,0,0,111
1507,0,1,1,0,1,77,0,0,62,0,1,19
1767,0,1,9,0,1,0,0,0,51,0,1,39
1682,0,1,52,0,1,0,1,1,33,0,1,49
2266,1,1,37,1,1,190,0,1,1,1,1,31
2251,0,1,12,1,1,0,1,1,52,1,1,0
2212,0,1,0,1,1,0,1,1,9,1,1,0
2218,0,0,115,0,0,66,0,0,6,0,0,10
1264,0,0,156,0,0,101,0,0,0,0,0,39
1713,0,1,100,0,0,110,1,1,0,1,1,37
1324,0,0,181,0,0,335,0,0,4,0,1,140
1609,1,1,0,0,1,49,1,1,2,1,1,34
1373,1,1,28,0,1,2,1,1,36,0,1,146
2235,0,1,36,0,1,112,0,1,72,0,0,202
1079,1,1,0,0,1,10,0,1,0,0,0,0
2165,1,1,0,1,1,0,0,1,15,1,1,0
1416,0,0,142,0,0,150,0,0,7,0,1,0
2079,1,1,7,1,1,45,1,1,51,1,1,55
803,0,0,21,0,1,10,0,0,42,0,0,36
2241,1,1,0,1,1,8,1,1,11,0,1,7
2610,0,1,1,0,1,3,0,1,50,0,0,27
1277,0,0,0,0,1,160,0,0,54,0,0,51
1487,0,1,37,0,1,34,0,1,47,0,1,26
1542,0,0,140,0,0,215,0,0,122,0,0,38
2308,0,1,0,1,1,0,0,0,152,0,0,34
910,0,1,40,0,1,0,1,1,116,0,1,0
1689,0,0,0,1,1,0,1,1,96,0,0,49
1097,1,1,28,1,1,0,1,1,0,0,1,0
1551,1,1,0,1,1,55,1,1,0,1,1,0
2278,0,0,68,0,0,37,1,1,29,0,0,55
2082,0,0,245,0,0,398,0,0,189,0,0,144
2286,0,1,0,0,1,0,0,0,0,1,1,7
2049,0,1,5,0,0,23,0,1,66,0,0,81
1393,0,0,0,0,1,17,0,0,0,0,0,20
2218,0,0,54,0,0,136,0,0,415,0,0,445
1637,0,0,11,0,1,37,0,0,63,0,0,35
993,0,1,218,0,0,35,0,0,120,0,0,95
1156,0,0,2,0,1,49,0,0,51,0,0,31
2002,0,1,38,0,1,93,0,0,5,0,0,24
2107,0,0,7,0,0,42,0,0,18,0,0,45
2002,0,0,64,0,0,93,0,0,105,0,0,102
1967,0,0,145,0,0,85,0,1,21,0,0,4
2331,0,1,69,0,1,141,0,1,25,1,1,0
1613,0,0,73,0,1,70,0,0,116,0,0,128
1362,0,0,25,0,0,32,0,0,39,0,0,40
1954,0,1,15,1,1,0,0,0,39,0,1,0
1888,0,1,10,0,1,16,0,1,79,0,1,33
953,0,0,0,1,1,137,0,0,8,0,0,91
1725,0,1,0,1,1,0,0,1,35,0,1,0
1947,1,1,0,1,1,15,0,1,29,0,1,57
1671,0,0,1,0,1,23,1,1,0,0,1,2
2030,0,1,1145,0,0,1192,0,0,431,0,0,6572
902,1,1,0,1,1,0,1,1,9,1,1,29
700,0,1,102,0,1,0,1,1,47,1,1,0
1501,0,1,339,0,0,82,0,1,88,0,1,84
1517,0,0,273,0,0,171,0,1,17,0,0,27
1500,1,1,5,1,1,0,1,1,76,1,1,0
2015,0,0,206,0,0,333,0,0,371,0,0,351
1269,1,1,80,0,0,153,0,0,159,0,0,131
2142,1,1,0,1,1,85,0,1,50,0,1,55
1740,0,0,1,0,1,14,0,1,62,0,0,38
1637,0,0,8,0,1,23,0,0,17,0,0,0
1880,0,1,36,0,1,92,1,1,16,0,0,9
1714,0,0,93,0,0,90,0,0,71,0,0,8
1990,0,0,78,0,0,235,0,1,0,0,0,0
1596,0,0,673,0,0,205,0,1,149,0,0,116
1406,0,1,34,0,1,71,0,0,359,0,0,267
700,0,0,2,0,1,47,0,0,108,0,0,99
2292,1,1,0,1,1,12,1,1,0,1,1,0
1252,0,0,159,0,0,140,0,0,19,0,0,82
1574,0,0,3,0,1,0,0,1,24,0,1,54
1716,0,0,59,0,0,0,0,0,7,0,1,0
1411,0,0,240,0,0,278,0,0,288,0,0,310
1737,0,1,32,0,0,62,1,1,0,0,1,0
2187,0,0,45,0,1,47,0,0,21,0,0,0
1285,1,1,14,1,1,0,1,1,0,1,1,1918
1668,1,1,0,1,1,52,1,1,0,1,1,2
2106,0,0,13,0,1,75,0,1,31,0,0,5
1165,0,0,358,0,0,356,0,0,436,0,0,447
1290,1,1,0,1,1,0,0,1,143,0,1,221
1234,0,1,6,0,1,2,1,1,54,0,1,11
2308,0,0,265,0,1,92,0,1,105,0,1,75
2092,1,1,0,0,1,0,1,1,0,1,1,3
1381,1,1,0,1,1,207,1,1,0,1,1,0
2187,0,0,138,0,0,59,0,1,35,0,0,4
2213,0,0,68,1,1,0,0,0,32,0,0,29
1728,1,1,0,1,1,88,1,1,6,1,1,0
1311,1,1,34,0,1,23,1,1,47,0,0,140
2140,0,1,0,1,1,38,0,1,28,1,1,29
1331,0,1,23,0,1,40,0,1,6,1,1,5
1283,1,1,0,1,1,131,0,1,0,1,1,0
2253,1,1,58,0,1,103,0,0,41,1,1,44
2304,1,1,0,1,1,68,1,1,0,1,1,18
2571,1,1,0,1,1,63,1,1,69,0,0,214
1485,1,1,0,1,1,11,1,1,2,1,1,1
2274,0,0,13,0,1,0,0,0,37,0,0,0
1486,0,0,60,0,0,0,0,0,74,1,1,28
1867,1,1,0,1,1,96,1,1,12,1,1,0
1979,0,1,112,0,1,172,0,1,280,0,0,125
963,0,0,871,0,0,878,0,0,1010,0,0,978
1008,0,0,14,0,1,0,0,0,29,0,1,3
2097,0,1,66,0,0,164,0,0,209,0,0,329
2083,0,0,145,0,0,232,0,0,168,0,0,176
1587,1,1,0,0,1,28,0,1,25,0,1,0
1250,0,0,6,0,1,0,1,1,10,1,1,16
1964,0,1,9,0,1,197,0,1,0,0,1,129
1300,0,1,47,0,1,138,0,0,159,0,0,147
1606,0,0,254,0,0,63,0,0,25,0,1,22
2000,1,1,54,0,1,65,0,1,4,0,1,1
1791,0,1,0,1,1,0,1,1,9,1,1,3
2394,0,0,123,0,0,87,0,0,36,0,0,56
2194,0,1,94,0,1,89,0,1,93,0,0,37
1111,0,0,91,0,1,401,0,0,2,0,0,0
1798,0,1,0,1,1,15,1,1,46,1,1,11
1500,1,1,174,0,0,908,0,0,573,0,0,724
1713,0,0,112,0,1,63,0,1,68,0,0,63
1899,0,0,59,0,0,66,0,0,95,0,0,131
2096,0,1,0,0,1,200,0,1,45,1,1,24
2459,1,1,0,1,1,0,1,1,0,0,1,4
2039,0,0,0,1,1,93,0,1,4,0,0,0
2410,1,1,128,1,1,162,0,1,48,1,1,11
1586,0,0,78,0,0,81,0,0,122,0,0,124
2373,0,1,0,1,1,19,0,1,6,1,1,5
1327,1,1,0,1,1,0,1,1,62,0,0,89
2049,1,1,0,1,1,46,0,1,14,0,1,11
1800,1,1,0,1,1,0,0,1,0,0,1,0
1111,0,0,21,0,1,42,1,1,34,0,0,22
1492,1,1,0,1,1,0,0,1,166,0,1,135
1206,0,1,0,1,1,16,0,1,24,1,1,0
2138,0,1,32,0,0,6,1,1,0,1,1,0
2128,0,0,55,0,0,52,0,0,36,0,0,28
2083,0,1,91,0,1,108,0,1,0,1,1,0
1393,0,0,28,0,1,42,0,0,50,0,1,4
2571,0,1,9,0,1,32,1,1,0,1,1,24
1522,0,0,89,0,1,41,0,1,25,0,1,0
1305,0,1,94,0,1,83,0,0,239,0,0,214
2687,1,1,0,1,1,0,1,1,0,1,1,0
2138,1,1,0,1,1,306,1,1,0,1,1,55
2223,1,1,121,0,0,47,0,0,62,0,1,14
1646,0,0,84,0,0,95,0,0,217,0,0,177
1759,0,0,39,0,0,62,0,0,27,0,0,41
1019,1,1,0,0,1,0,0,0,57,0,0,35
1883,1,1,36,0,1,0,0,1,66,1,1,10
1112,0,1,72,0,1,82,0,0,126,0,0,145
1196,0,1,28,0,1,80,0,0,132,0,0,196
1601,1,1,0,1,1,0,1,1,0,1,1,0
2228,0,0,0,1,1,30,0,1,44,0,1,30
1775,1,1,0,1,1,48,1,1,34,1,1,0
1093,0,0,67,0,0,143,0,0,51,0,0,103
2303,0,0,66,0,1,105,0,0,81,0,0,13
1922,0,0,0,1,1,11,0,0,29,0,1,40
1830,1,1,141,1,1,106,1,1,0,1,1,0
1674,0,0,55,0,0,37,1,1,7,0,1,28
1324,0,1,39,1,1,0,0,1,475,1,1,1620
1283,0,0,14,0,1,70,0,0,84,0,1,88
2019,1,1,0,1,1,0,1,1,17,1,1,0
1641,0,0,16,0,0,149,0,1,52,0,0,25
1206,0,0,336,0,0,317,0,0,288,0,0,220
903,0,0,99,0,1,76,0,0,114,0,0,285
1650,0,1,9,0,1,9,0,1,7,1,1,31
2239,0,0,20,0,1,0,1,1,127,0,1,89
1316,0,0,1,0,1,79,1,1,14,0,1,50
1072,0,0,60,0,1,49,0,0,10,0,0,5
1629,0,1,59,0,1,95,0,0,141,0,0,122
1762,0,1,167,0,0,94,0,0,15,0,0,35
1461,1,1,0,1,1,14,0,1,0,0,1,20
1787,0,0,0,0,1,18,0,0,0,0,0,1
2171,0,1,4,0,1,66,0,0,38,0,1,93
2498,0,0,30,0,1,10,0,0,19,0,1,0
1563,0,1,37,0,1,99,0,1,13,1,1,15
1659,0,0,553,0,0,553,0,0,646,0,0,664
2235,0,0,34,0,1,0,1,1,0,1,1,0
1945,0,0,4,0,0,0,1,1,52,0,1,5
2151,1,1,0,1,1,0,0,1,8,0,1,27
2193,0,0,0,1,1,21,0,1,24,0,1,0
1774,1,1,0,1,1,0,1,1,0,1,1,9
2353,0,0,51,0,0,56,0,0,126,0,0,117
1843,0,0,81,0,0,0,1,1,7,1,1,34
2382,0,0,104,0,1,0,0,1,12,1,1,21
1200,0,0,118,0,0,149,0,0,70,0,0,146
2090,0,0,13,0,1,37,0,1,12,0,1,33
1863,0,1,0,0,1,5,0,1,9,0,0,0
2048,1,1,0,1,1,0,1,1,51,1,1,54
2021,0,1,0,1,1,151,1,1,0,1,1,0
1905,0,0,142,0,1,195,0,0,254,0,0,298
948,0,0,55,0,1,55,0,1,10,0,0,75
1316,0,0,56,0,0,106,0,0,32,0,0,73
1166,0,0,0,1,1,0,1,1,0,1,1,60
2062,0,1,0,1,1,71,0,1,0,1,1,0
2034,0,0,0,1,1,11,0,1,2,0,1,5
1659,0,1,27,0,0,28,0,0,18,0,1,166
776,0,0,120,0,0,83,0,0,74,0,0,4
1268,1,1,11,1,1,0,0,1,0,1,1,0
1791,0,0,1069,0,0,1201,0,0,1287,0,0,1390
1653,0,1,0,1,1,8,0,0,11,0,1,52
2568,0,0,0,1,1,93,0,0,17,0,1,0
1934,1,1,31,0,1,82,0,1,1,0,1,1
1676,0,0,213,0,0,37,0,0,40,0,0,10
1331,0,0,122,0,0,163,0,0,120,0,0,80
1207,0,0,100,0,0,100,0,0,105,0,1,80
1774,0,0,33,0,0,35,0,0,10,0,0,0
2116,0,0,297,0,0,352,0,0,86,0,0,103
1748,0,1,52,0,1,107,0,1,33,0,1,50
2827,0,0,5,0,0,89,0,0,73,0,1,6
1810,1,1,0,1,1,118,0,1,46,1,1,3
1404,0,1,8,0,1,26,0,1,76,0,0,49
1641,0,0,64,0,0,104,0,0,97,0,0,98
1511,0,1,0,1,1,53,0,1,43,1,1,0
1799,0,0,42,0,0,47,0,0,41,0,0,67
1781,1,1,0,1,1,0,1,1,0,1,1,0
1581,1,1,16,1,1,19,1,1,0,1,1,36
1902,0,1,0,0,1,51,0,1,73,0,0,79
1662,1,1,26,1,1,8,1,1,0,1,1,0
1586,0,1,94,0,0,94,0,1,11,0,1,49
1587,0,0,582,0,0,666,0,1,550,0,1,648
2431,0,0,40,0,1,51,0,0,0,1,1,0
1841,0,1,0,1,1,175,1,1,30,1,1,0
2224,1,1,0,1,1,30,1,1,0,1,1,4
1781,0,0,44,0,1,130,0,0,0,0,0,39
2013,0,1,60,0,1,56,1,1,0,1,1,0
2650,0,1,0,1,1,0,1,1,29,1,1,0
1509,0,1,10,0,1,22,0,0,31,0,1,26
1551,0,0,187,0,0,173,0,0,302,0,0,279
1305,0,1,138,0,0,76,0,1,109,0,0,68
1436,0,1,385,0,1,0,1,1,31,1,1,6
1375,1,1,0,1,1,114,1,1,42,1,1,13
2565,0,0,8,0,1,18,0,0,66,0,0,24
2108,0,0,145,0,0,116,0,0,134,0,0,86
1407,0,0,150,0,0,237,0,0,63,0,0,9
1615,1,1,0,1,1,0,1,1,0,1,1,5
2233,0,1,158,0,0,254,0,0,245,0,0,333
1436,0,0,80,0,0,106,0,0,156,0,0,190
1230,0,0,52,0,1,154,0,0,81,0,1,34
1370,0,0,22,0,1,107,0,0,137,0,0,29
1494,1,1,0,1,1,0,1,1,41,1,1,26
2038,0,0,47,0,0,17,0,1,110,0,0,40
2619,1,1,39,1,1,42,0,0,207,0,1,41
1123,0,1,0,1,1,22,1,1,20,0,1,3
1242,0,0,393,0,0,4,0,0,1298,0,0,2
1118,0,1,9,0,1,6,0,1,3,1,1,11
1582,1,1,0,1,1,0,1,1,0,1,1,0
2326,0,0,0,1,1,23,0,1,5,1,1,11
1661,0,0,19,0,1,6,0,1,0,0,1,31
1839,0,1,0,1,1,123,0,0,52,0,1,0
2360,1,1,0,1,1,1,0,1,6,0,1,16
1721,1,1,0,1,1,111,0,1,67,1,1,2
2514,0,0,61,0,1,37,0,1,23,0,1,11
1073,0,0,548,0,0,531,0,0,529,0,0,510
2057,0,0,107,0,0,147,0,1,77,0,0,39
2347,0,0,26,0,1,53,0,1,108,0,0,49
1271,0,0,140,0,1,78,0,0,0,0,1,0
1801,0,0,93,0,0,181,0,0,109,0,0,113
1421,1,1,0,1,1,69,0,1,4,0,1,42
1918,1,1,0,1,1,6,1,1,0,1,1,0
2273,0,0,0,1,1,8,0,1,17,0,0,44
1173,1,1,20,0,1,172,0,0,53,0,0,106
2159,0,0,2,0,1,35,0,1,55,0,0,29
2038,1,1,0,1,1,29,1,1,0,1,1,0
675,0,0,161,0,0,190,0,0,127,0,0,0
2526,1,1,16,1,1,26,0,1,12,0,1,9
1426,0,1,30,0,1,79,0,1,19,1,1,8
1743,1,1,0,1,1,0,1,1,0,1,1,5
1291,0,0,293,0,0,268,0,0,276,0,0,345
1741,0,1,44,0,1,34,0,1,86,0,0,25
1354,0,0,31,0,1,0,0,1,83,0,0,58
2050,0,0,84,0,0,62,0,0,38,0,0,52
1373,1,1,60,1,1,0,1,1,0,1,1,0
1633,1,1,0,1,1,0,1,1,0,1,1,25
1878,0,0,0,1,1,64,1,1,2,1,1,0
2272,0,1,26,0,1,21,1,1,6,1,1,11
2444,1,1,0,1,1,44,1,1,0,1,1,0
1586,0,0,27,0,0,55,0,0,67,0,0,129
2291,1,1,0,1,1,96,0,0,21,1,1,0
1048,0,1,92,0,1,410,0,0,383,0,0,328
1596,0,1,132,1,1,0,0,1,72,0,1,20
2068,1,1,0,1,1,97,0,0,23,0,0,62
1839,0,0,42,0,0,78,0,0,24,0,1,28
1843,0,1,10,0,1,43,1,1,40,0,1,9
1541,0,0,46,0,0,29,0,0,17,0,0,39
2027,0,1,0,1,1,29,0,1,4,0,1,0
1713,1,1,0,1,1,0,0,1,8,1,1,0
1245,0,0,122,0,0,112,0,0,82,0,0,107
1549,0,1,0,1,1,251,0,1,0,0,1,63
2342,0,0,153,0,1,161,1,1,114,0,0,12
1757,0,0,143,0,0,157,0,0,206,0,0,231
1324,0,0,120,0,0,86,0,0,85,0,1,115
1764,0,0,81,0,0,63,0,0,317,0,0,401
2387,0,1,0,1,1,10,1,1,13,0,1,23
2478,0,0,110,0,0,138,0,0,150,0,0,256
1121,0,0,16,0,0,0,0,0,152,0,0,346
1312,0,1,46,0,1,38,0,1,79,0,1,103
2151,1,1,13,0,1,83,0,0,50,0,0,94
1558,0,0,0,1,1,1,0,1,53,0,0,28
1656,1,1,0,1,1,21,1,1,2,1,1,3
1716,0,0,684,0,0,732,0,0,554,0,0,801
888,1,1,0,1,1,52,0,1,0,1,1,0
1318,0,0,23,0,1,0,1,1,15,1,1,1
1450,1,1,0,1,1,53,1,1,65,1,1,13
1677,0,1,0,1,1,83,0,1,40,0,1,39
1299,1,1,8,1,1,14,1,1,15,0,1,15
1777,0,1,0,0,1,56,0,1,35,0,0,103
1517,0,1,38,0,1,18,1,1,10,1,1,31
2614,1,1,0,1,1,6,1,1,117,1,1,64
1588,0,0,0,1,1,118,0,0,249,0,0,369
1539,0,1,3240,0,1,3235,0,1,0,1,1,0
1519,1,1,0,1,1,90,1,1,56,1,1,31
2120,0,1,4,0,1,4,0,1,83,0,1,61
1989,0,1,46,0,1,43,1,1,7,1,1,10
1436,0,0,19,0,0,40,0,1,45,0,0,2
1900,0,0,21,0,0,43,0,0,45,0,0,39
2579,0,1,12,0,1,0,0,1,16,0,1,0
1808,1,1,0,1,1,120,0,1,58,1,1,0
1592,1,1,0,1,1,31,1,1,49,0,1,6
1001,0,0,441,0,0,222,0,0,244,0,0,253
2116,0,0,4,0,1,38,0,0,59,0,0,36
1672,0,0,50,0,0,54,0,0,114,0,0,114
2069,1,1,0,1,1,0,1,1,10,1,1,0
1322,0,1,0,0,1,60,1,1,65,0,0,24
1698,0,0,200,0,0,377,0,0,125,0,0,149
1674,0,1,1,0,0,4,0,0,0,0,1,1
1275,0,1,0,1,1,0,0,1,24,0,1,29
1599,0,0,21,0,1,79,0,0,102,0,0,109
1655,0,1,0,1,1,68,0,0,0,0,0,57
1753,0,1,210,0,1,156,0,1,355,0,1,312
1838,0,0,301,0,0,262,0,0,220,0,0,263
1916,0,1,14,0,1,20,0,0,66,0,0,35
743,1,1,200,0,1,167,0,0,386,0,0,378
2367,1,1,89,1,1,74,1,1,49,1,1,3
1542,0,1,41,0,1,19,1,1,14,1,1,32
1922,0,0,122,0,0,288,0,0,210,0,0,197
2271,0,0,6,0,0,166,0,0,70,0,0,87
1270,1,1,0,1,1,0,1,1,20,0,1,8
1198,0,0,127,0,0,127,0,0,150,0,0,181
2125,0,0,388,0,0,443,0,0,228,0,0,226
2272,0,1,0,1,1,92,1,1,53,0,1,0
1164,0,0,34,0,0,139,0,0,88,0,0,71
910,0,0,188,0,0,287,0,0,393,0,0,361
1761,0,0,82,0,0,68,0,1,71,0,0,141
2277,0,1,916,0,1,985,0,1,963,0,1,1707
1716,0,0,54,0,0,121,0,0,50,0,0,11
1034,0,0,152,0,0,131,0,1,32,0,1,47
1746,1,1,20,1,1,134,0,1,0,1,1,37
1910,0,0,70,0,0,2,0,1,7,0,0,17
900,0,0,106,0,0,293,0,0,316,0,0,190
1523,0,1,61,1,1,39,0,1,62,0,1,92
2363,0,0,0,1,1,28,0,1,0,0,0,56
1261,0,0,8,0,0,8,1,1,24,0,0,16
1638,0,1,14,0,1,38,0,0,14,0,1,3
2647,0,1,0,1,1,37,1,1,0,1,1,39
1826,0,1,45,0,1,59,1,1,0,1,1,0
1788,0,0,14,0,1,65,0,0,158,0,0,185
2076,1,1,0,1,1,21,1,1,0,1,1,0
1737,0,0,14,0,1,0,0,0,0,0,1,13
1766,0,1,182,0,1,286,0,0,0,0,1,40
2010,0,1,0,1,1,0,1,1,91,0,1,104
951,0,0,173,0,0,173,0,0,146,0,0,124
1404,0,1,18,0,1,67,0,1,59,0,1,2
1778,1,1,0,0,1,0,0,1,131,1,1,33
1854,0,1,61,0,0,509,0,0,279,0,0,233
1906,0,0,46,0,0,112,0,0,174,0,0,16
1797,0,1,0,1,1,126,1,1,61,1,1,31
1809,0,0,16,0,0,46,0,0,59,0,0,39
2171,1,1,0,1,1,57,1,1,0,1,1,23
1325,0,0,257,0,0,63,1,1,0,1,1,0
1596,1,1,14,1,1,16,0,1,30,0,1,27
1612,0,1,0,1,1,6,0,1,98,0,1,75
2195,0,1,22,0,1,53,1,1,0,1,1,0
2489,0,1,4,1,1,25,1,1,37,1,1,73
1847,0,0,7,0,1,52,0,0,50,0,0,70
1612,0,0,0,1,1,30,1,1,36,1,1,0
2060,0,1,0,1,1,28,0,1,29,0,1,35
1660,0,1,0,1,1,49,0,1,14,0,1,4
1474,0,0,93,0,0,66,0,1,30,0,0,25
1648,0,1,0,1,1,9,0,1,5,0,1,0
1375,1,1,0,1,1,15,1,1,0,1,1,0
2377,0,0,34,0,1,11,1,1,0,1,1,20
1610,0,0,135,0,0,1,0,1,48,0,0,0
1702,0,0,50,0,0,30,0,0,25,0,0,79
2264,0,0,10,0,1,45,0,0,0,0,1,1
1831,0,0,0,1,1,9,0,1,44,0,1,48
1938,1,1,0,1,1,81,0,1,15,0,1,74
1685,0,0,104,0,0,66,0,0,31,0,1,9
1618,1,1,0,1,1,58,1,1,28,1,1,21
1120,0,1,13,0,1,9,1,1,13,0,1,36
1135,0,0,18,0,0,0,0,0,52,0,0,0
1964,0,0,2,0,0,76,1,1,0,1,1,27
1615,0,0,477,0,0,465,0,0,506,0,0,467
2049,0,1,0,1,1,61,1,1,2,0,1,66
1913,0,0,43,0,0,62,0,0,55,0,0,37
1077,0,1,0,1,1,61,1,1,0,1,1,0
1591,0,0,64,0,1,201,0,0,38,0,1,17
2316,0,0,17,0,1,30,0,1,47,0,0,104
2177,0,1,77,0,1,41,1,1,106,0,1,64
1270,0,1,0,1,1,0,1,1,0,1,1,0
1975,0,0,113,0,1,179,1,1,20,0,1,0
1562,0,1,0,0,1,7,1,1,0,1,1,0
1541,1,1,1,1,1,56,1,1,13,0,1,18
2035,1,1,0,0,1,14,1,1,4,0,1,0
1490,0,0,112,0,0,146,0,0,184,0,0,190
1906,1,1,0,1,1,79,1,1,54,1,1,0
1712,0,0,0,1,1,74,0,0,22,0,0,44
1579,0,0,52,0,0,45,0,1,306,0,0,212
1511,0,0,192,0,0,326,0,0,95,0,0,45
1544,0,0,210,0,0,260,0,0,215,0,0,123
1629,0,0,49,0,0,80,0,0,36,0,0,91
2035,1,1,0,1,1,35,0,1,18,0,1,0
2084,0,0,0,1,1,20,0,1,8,1,1,0
2396,0,0,0,1,1,31,0,1,1,1,1,15
1111,0,1,11,0,1,224,1,1,0,1,1,4
1824,0,1,16,0,1,0,0,1,1724,0,1,6
1942,1,1,0,1,1,0,1,1,7,1,1,9
1809,0,1,0,1,1,0,0,1,155,0,1,165
2330,1,1,49,0,1,382,1,1,0,0,1,23
1189,1,1,41,0,0,32,0,0,7,1,1,0
1774,0,0,22,0,0,24,0,0,16,0,0,24
1988,0,1,241,0,0,193,0,0,325,0,1,0
1528,0,0,1997,0,0,1997,0,0,1945,0,0,1978
2138,0,1,24,0,1,55,0,1,7,0,0,55
2205,1,1,51,0,1,34,0,0,31,1,1,16
1503,1,1,0,1,1,0,1,1,0,1,1,0
1973,0,0,9,0,1,36,0,0,18,1,1,19
2010,0,0,27,0,1,37,0,0,7,1,1,18
2289,1,1,0,1,1,0,1,1,0,1,1,0
1775,0,1,52,0,1,117,0,1,396,0,1,401
1799,0,1,19,0,1,19,1,1,31,0,0,291
1618,1,1,0,1,1,0,1,1,89,0,1,53
1825,0,0,0,1,1,0,1,1,0,0,1,0
1837,1,1,170,1,1,212,0,1,0,0,1,9
794,0,1,0,1,1,268,0,1,49,1,1,85
1365,0,0,94,0,0,0,0,0,19,0,1,0
1638,0,0,48,0,0,53,0,1,4,0,1,39
1866,0,1,2,0,1,28,0,1,3,0,1,38
1696,1,1,17,0,1,57,0,1,31,0,0,7
1419,0,0,117,0,0,58,0,0,109,0,0,179
1907,0,0,21,0,1,21,0,1,0,0,0,0
2371,0,0,0,1,1,10,0,1,38,0,0,0
1784,0,0,0,0,1,14,0,0,2,0,0,0
1379,1,1,0,1,1,24,0,0,3,0,1,21
1440,1,1,0,1,1,0,1,1,15,0,1,13
1670,0,0,0,1,1,39,0,0,14,0,0,50
2717,1,1,0,1,1,0,1,1,1,1,1,0
1808,0,1,96,0,1,483,0,0,61,0,0,60
1706,1,1,0,1,1,21,0,1,41,0,1,0
1908,0,1,0,0,1,24,0,0,30,0,0,22
1652,0,0,106,0,0,76,0,1,59,0,1,120
1391,0,0,33,0,1,0,1,1,0,1,1,6
2122,0,0,291,0,0,282,0,1,233,0,0,367
1391,0,0,63,0,0,124,0,0,19,0,1,48
1083,0,1,0,1,1,0,0,0,15,0,1,8
1151,1,1,0,1,1,19,0,1,65,0,0,21
1006,0,1,0,1,1,48,0,1,92,0,1,58
1252,1,1,13,1,1,5,0,1,21,1,1,29
2085,0,0,57,0,0,62,0,0,22,0,1,3
1419,0,0,325,0,0,519,0,0,18,0,1,0
1924,0,1,59,0,1,40,1,1,0,1,1,0
2582,0,1,0,1,1,0,1,1,7,1,1,0
1668,0,1,0,1,1,4,1,1,0,1,1,19
1031,1,1,0,1,1,0,1,1,0,1,1,0
2007,1,1,56,1,1,21,1,1,22,0,0,9
1062,0,1,52,0,0,29,0,1,2489,1,1,0
1797,0,0,27,0,0,127,0,1,51,0,1,26
1072,0,1,55,0,0,0,0,1,27,1,1,41
1500,0,0,0,1,1,29,0,1,40,0,0,75
1386,0,0,56,0,1,158,0,0,155,0,0,181
2298,0,1,18,0,1,15,1,1,25,0,1,0
1140,1,1,0,1,1,0,0,1,0,1,1,5
1838,0,1,102,0,1,56,0,0,489,0,0,543
1392,0,0,1904,0,1,1871,0,1,1855,0,0,1833
1698,0,0,63,0,0,90,0,0,113,0,0,58
1741,0,1,15,0,1,43,0,0,179,0,0,81
2101,0,1,120,0,1,0,0,0,83,0,0,60
1640,0,1,12,0,1,12,1,1,0,1,1,10
1868,0,0,10,0,1,173,0,0,10,0,0,32
1756,1,1,45,1,1,112,1,1,0,1,1,7
2227,0,1,0,1,1,51,0,1,0,1,1,0
1687,1,1,0,1,1,39,0,1,39,0,1,4
1507,0,0,4,0,1,22,0,1,0,0,1,0
1836,0,0,8,0,0,32,0,1,814,0,0,1884
1483,0,0,85,0,0,70,0,0,0,0,0,3
1761,0,0,19,0,1,71,0,0,44,0,1,15
2231,0,1,165,0,1,214,0,0,329,0,0,572
1053,0,0,10,0,1,82,0,0,20,0,1,91
2223,1,1,48,0,1,34,0,1,42,0,1,64
1542,0,0,32,0,1,62,0,0,205,0,0,201
2123,0,0,131,0,0,86,0,1,124,0,1,73
1268,0,1,52,0,0,85,0,0,83,0,0,92
1727,0,0,98,0,1,0,0,0,164,0,0,161
2219,0,1,100,0,1,100,0,0,70,0,0,45
1696,0,1,14,0,1,10,0,1,41,0,0,5
1254,0,1,0,0,1,70,0,1,43,1,1,17
1870,0,0,31,0,0,84,0,0,141,0,0,190
1249,0,1,88,0,1,151,0,0,59,0,0,63
1246,0,1,25,0,1,74,0,0,57,0,0,79
2311,0,0,106,0,0,34,0,0,15,1,1,16
2172,0,0,5,0,1,43,0,1,45,1,1,19
2347,0,1,0,1,1,100,0,1,0,0,1,59
1803,1,1,0,1,1,0,1,1,42,1,1,20
1950,0,0,43,0,1,11,1,1,13,0,1,2
1545,0,0,25,0,1,68,1,1,0,0,0,0
843,0,1,39,0,1,7,0,1,0,1,1,0
1401,0,0,96,0,0,82,0,0,176,0,0,136
1695,0,1,0,1,1,114,0,1,49,0,1,88
884,1,1,10,1,1,17,1,1,20,0,1,33
1242,0,1,9,0,1,55,0,0,120,0,0,17
1245,0,0,1773,0,1,1738,0,1,1729,0,1,1547
1167,1,1,0,1,1,203,0,1,164,0,1,2
1571,0,0,51,0,1,64,0,0,72,0,0,84
1748,0,0,27,0,0,45,0,0,28,0,1,0
1894,0,1,2,1,1,1,0,1,0,0,1,69
1021,0,0,162,0,0,83,0,0,54,0,0,69
1099,1,1,0,1,1,19,1,1,48,1,1,0
1212,0,0,95,0,0,162,0,0,214,0,0,216
1398,0,0,126,0,0,113,0,1,13,0,1,10
999,1,1,0,1,1,11,1,1,31,1,1,0
1630,1,1,0,1,1,0,1,1,0,1,1,0
1531,0,0,95,0,1,170,0,0,127,0,0,180
2165,0,1,65,0,1,42,0,1,111,0,1,77
2002,0,0,45,0,1,112,0,0,118,0,0,101
1156,0,1,22,0,1,0,0,1,11,0,0,98
695,0,0,26,0,0,87,0,0,130,0,0,117
1121,0,1,2733,0,0,0,0,1,0,0,0,0
1432,0,0,14,0,1,38,1,1,6,1,1,0
1707,0,0,81,0,0,0,1,1,78,1,1,7
1206,0,0,2,0,0,59,0,1,26,0,0,15
1275,0,0,0,1,1,41,0,0,12,1,1,0
2025,0,0,258,0,0,225,0,0,404,0,0,407
2310,0,0,232,0,0,160,0,1,178,0,1,69
1328,0,1,5,0,1,0,0,1,22,0,1,60
1951,1,1,0,1,1,7,1,1,32,1,1,50
1712,0,0,35,0,1,59,0,0,61,0,0,74
1479,0,0,69,0,0,85,0,1,58,0,0,71
1115,0,1,0,0,1,58,0,0,76,0,0,68
2193,1,1,0,1,1,236,1,1,94,1,1,32
2113,0,0,0,1,1,0,0,0,7,0,0,8
1662,0,0,342,0,1,334,0,1,59,1,1,0
1388,0,0,129,1,1,41,0,1,8,0,1,40
1278,0,1,0,1,1,0,0,1,0,0,1,2117
1753,1,1,0,1,1,0,1,1,24,0,1,0
1986,1,1,0,1,1,0,1,1,220,1,1,0
1362,0,0,198,0,0,429,0,0,120,0,0,196
818,0,1,69,0,0,80,0,0,288,0,0,167
1114,1,1,0,1,1,36,0,0,0,0,1,4
2042,0,0,52,0,0,53,0,0,59,0,0,112
2133,1,1,23,0,1,68,0,1,0,0,0,86
2234,0,1,0,1,1,20,1,1,16,1,1,18
1746,0,1,0,1,1,19,0,1,60,0,0,33
1400,0,0,23,0,0,87,0,0,55,0,0,51
1500,0,1,108,0,0,81,0,1,6,0,1,0
1038,0,1,50,0,1,110,0,1,21,0,0,47
2177,0,0,103,0,0,95,0,0,163,0,0,272
1283,0,0,155,0,0,158,0,0,210,0,0,62
1461,0,0,92,0,0,160,0,0,201,0,0,237
1411,1,1,0,1,1,22,0,1,93,1,1,61
1344,1,1,0,1,1,1,1,1,0,1,1,0
1577,0,1,0,1,1,74,1,1,0,1,1,8
1957,0,0,17,0,1,26,0,0,26,0,0,41
2308,0,0,32,0,0,99,0,0,35,0,0,0
1123,0,0,392,0,0,336,0,0,35,0,0,78
1182,0,0,10,0,1,121,0,0,0,0,1,0
1603,0,1,29,0,1,31,1,1,75,0,1,97
1708,0,1,19,0,1,73,1,1,0,1,1,0
1346,0,0,123,0,0,109,0,0,204,0,0,178
1697,0,0,34,0,1,0,0,0,0,0,0,13
1290,0,0,151,0,0,158,0,0,50,0,0,88
1281,0,1,0,1,1,57,1,1,22,0,1,18
1316,0,0,62,0,1,129,0,0,0,0,1,89
2529,0,1,0,0,1,182,1,1,0,0,1,5
1579,0,0,88,0,1,120,0,0,113,0,0,98
2218,0,1,0,1,1,51,0,1,21,0,1,47
1475,0,1,9,0,1,59,1,1,11,0,1,46
2458,0,0,70,0,0,101,0,0,46,0,0,13
2495,1,1,74,0,1,206,0,1,9,1,1,28
1800,0,1,0,0,1,66,0,0,6,0,1,40
1427,0,0,108,0,0,91,0,0,212,0,0,190
1738,1,1,0,1,1,76,1,1,23,1,1,33
1702,0,0,43,0,0,108,0,1,103,0,1,70
2243,0,0,54,0,1,65,1,1,0,1,1,0
2163,0,0,94,0,0,139,0,0,263,0,0,279
2322,1,1,0,1,1,16,1,1,11,0,1,0
2087,0,1,63,0,0,32,0,1,24,0,1,27
2397,0,1,0,1,1,15,0,0,0,0,0,1
1310,1,1,77,1,1,123,0,0,93,0,0,59
2047,1,1,0,1,1,0,1,1,36,1,1,23
1328,1,1,0,1,1,18,0,0,24,0,0,11
1583,1,1,0,1,1,205,1,1,29,1,1,7
1738,0,1,37,0,1,57,0,1,65,0,1,15
1410,1,1,24,1,1,47,0,0,157,0,0,137
1715,0,1,1,0,1,50,0,0,79,0,0,89
2340,0,1,120,0,1,195,0,1,247,0,1,282
1366,1,1,49,1,1,0,1,1,0,1,1,0
2540,1,1,16,1,1,9,1,1,0,1,1,0
1002,1,1,100,1,1,70,0,0,316,0,0,369
1542,1,1,13,1,1,16,1,1,2,0,1,4
2272,1,1,21,1,1,0,1,1,0,1,1,65
1205,0,1,0,1,1,35,0,1,0,1,1,35
1447,1,1,0,1,1,102,1,1,0,0,1,3
1170,0,0,69,0,0,286,0,0,371,0,0,374
1493,0,0,4,0,1,15,0,0,20,0,0,39
1955,0,0,33,0,1,35,0,0,122,0,0,121
1637,0,0,0,0,1,5,0,0,29,0,1,36
1965,0,1,10,0,0,82,0,1,37,1,1,53
2054,0,0,114,0,0,136,0,0,330,0,0,215
1724,0,0,79,0,0,88,0,0,227,0,0,180
1839,1,1,0,1,1,0,0,1,12,1,1,10
1088,0,0,46,0,1,21,0,0,0,0,0,49
1640,0,1,22,1,1,20,1,1,6,1,1,14
1872,1,1,26,0,1,67,0,1,50,0,1,0
2158,0,1,3,0,1,21,0,1,0,0,1,7
1389,1,1,0,1,1,61,1,1,0,1,1,60
1291,0,1,0,1,1,49,0,1,28,1,1,0
2107,0,0,0,1,1,0,1,1,41,0,0,11
1646,0,0,61,0,0,61,0,0,32,0,0,22
2387,0,1,31,0,1,28,0,0,20,0,0,53
1156,0,0,314,0,0,395,0,0,0,0,0,101
1906,0,0,9,0,1,11,0,1,46,0,0,15
1885,0,0,116,0,0,0,0,0,27,0,0,4
1265,0,0,42,0,1,43,0,1,6,0,1,1
1362,0,0,15,0,0,19,0,0,24,0,0,13
2204,1,1,0,1,1,0,1,1,1,1,1,2
2213,1,1,0,1,1,0,1,1,0,1,1,20
1520,0,1,2,0,1,33,0,1,44,0,1,24
1142,1,1,0,1,1,1,1,1,0,1,1,0
1566,0,0,0,1,1,38,1,1,0,1,1,0
1554,1,1,0,1,1,0,1,1,37,0,1,4
1674,1,1,0,1,1,26,1,1,0,1,1,1
1314,0,1,79,0,1,20,1,1,14,0,1,6
1475,0,0,171,0,0,99,0,0,110,0,0,47
1203,0,0,281,0,0,280,0,0,72,0,0,20
1952,0,0,26,1,1,17,1,1,96,0,0,80
1502,0,1,82,0,1,81,0,1,0,0,1,31
2116,0,1,0,1,1,4,1,1,21,1,1,0
2319,0,1,27,0,1,50,0,1,31,1,1,66
2123,0,1,1,0,1,0,1,1,24,0,1,13
2010,0,0,0,1,1,9,1,1,0,1,1,0
1243,0,0,0,0,1,84,0,0,39,1,1,47
1566,0,0,128,0,0,101,1,1,74,0,0,176
1566,0,0,18,0,0,0,0,1,76,0,1,107
1780,1,1,0,1,1,65,0,0,15,0,1,13
2108,0,1,22,0,1,0,0,1,15,0,1,0
1633,0,0,0,1,1,0,0,1,0,1,1,0
1665,0,1,0,1,1,90,1,1,49,0,1,34
1681,0,0,0,1,1,22,1,1,34,1,1,29
1992,0,0,68,0,0,81,0,1,60,1,1,0
1261,0,0,105,0,0,52,0,0,198,0,0,36
1842,0,0,48,0,1,29,0,0,30,0,0,115
1933,1,1,3,1,1,3,0,0,0,0,1,0
1376,0,1,0,0,1,0,0,1,119,0,1,24
2117,0,1,197,0,1,175,0,0,550,0,0,586
1308,1,1,289,1,1,0,0,1,243,0,1,1
2176,1,1,0,1,1,137,1,1,50,1,1,10
2377,0,0,108,0,0,152,1,1,55,1,1,19
1849,0,1,0,1,1,13,1,1,0,1,1,0
1848,0,1,0,1,1,38,1,1,30,1,1,31
1668,0,0,155,0,0,29,0,0,3,0,0,9
1663,0,1,1975,0,1,1960,0,1,1999,0,0,1992
1129,0,0,124,0,0,104,0,1,40,0,1,58
1894,1,1,24,1,1,0,1,1,17,1,1,0
1633,0,1,28,0,1,0,0,1,106,0,0,66
2011,0,0,54,0,0,0,0,1,0,1,1,1
1933,0,0,40,0,1,0,0,1,38,0,1,49
1713,1,1,0,1,1,3,1,1,0,1,1,0
1729,0,1,0,1,1,27,0,1,31,0,0,8
1546,0,1,0,1,1,39,1,1,0,1,1,9
1838,0,0,464,0,1,134,0,0,267,0,0,478
1048,0,0,131,0,0,283,0,0,156,0,0,150
2486,0,0,2,0,1,28,0,0,23,0,0,16
2489,1,1,0,1,1,0,0,1,0,0,1,16
1291,0,0,68,0,0,0,1,1,0,1,1,0
1753,1,1,0,1,1,39,1,1,0,1,1,0
1145,0,1,69,0,1,60,0,0,42,1,1,0
1009,0,0,0,0,1,13,0,0,46,1,1,93
1017,1,1,0,1,1,6,1,1,0,1,1,0
2609,0,1,144,1,1,11,1,1,36,1,1,0
1366,1,1,0,1,1,320,0,1,201,0,1,170
1530,1,1,73,1,1,0,1,1,90,1,1,2914
1804,0,0,100,0,0,156,0,0,52,0,0,156
2331,0,0,41,0,0,70,0,0,99,0,0,100
1861,0,1,33,0,0,50,0,0,104,0,0,121
1396,0,0,0,0,1,38,0,0,9,0,0,89
1856,0,0,0,1,1,37,0,0,0,0,1,4
1294,1,1,0,1,1,89,0,0,110,0,0,94
1269,0,1,84,0,1,105,1,1,19,1,1,0
2325,1,1,0,1,1,7,1,1,0,1,1,8
1131,0,0,99,0,0,91,0,0,148,0,0,138
2102,0,0,159,0,0,59,1,1,63,0,1,0
1872,0,0,72,0,0,78,0,0,41,0,0,61
1789,1,1,0,1,1,117,1,1,171,0,0,92
2079,0,0,0,1,1,0,0,1,96,0,1,175
1979,1,1,0,1,1,0,1,1,0,0,1,27
1663,0,1,52,0,1,77,0,1,31,0,1,75
2397,0,1,0,1,1,0,0,1,8,1,1,0
1803,0,1,60,0,0,114,0,0,56,0,0,0
1073,0,1,12,0,1,63,1,1,0,1,1,14
1596,0,0,102,0,0,49,1,1,29,1,1,0
1122,0,0,2,1,1,120,0,0,164,0,0,158
1452,0,1,18,0,1,52,0,0,65,0,0,56
2407,0,1,18,0,1,117,0,1,2,0,0,3
1804,1,1,0,1,1,32,1,1,0,1,1,0
1027,0,0,44,0,1,84,0,0,2,0,1,28
2018,0,1,0,1,1,23,0,1,27,1,1,11
2278,0,1,0,0,1,33,0,1,0,1,1,0
1262,1,1,0,1,1,8,0,1,30,1,1,0
2081,0,0,0,1,1,0,0,1,56,0,1,58
2241,0,0,1,0,1,51,0,0,26,0,1,25
1126,0,0,0,1,1,62,0,1,15,1,1,0
1513,0,1,10,0,1,2,1,1,27,1,1,7
1559,0,0,3267,0,0,3404,0,0,3865,0,0,1121
1746,0,0,181,0,0,331,0,0,286,0,0,403
1476,0,0,168,0,0,222,0,0,134,0,0,82
1992,0,0,49,0,0,54,0,0,31,0,1,0
2113,1,1,0,1,1,0,1,1,50,1,1,73
1675,0,0,119,0,0,198,0,0,0,0,1,12
2446,1,1,10,1,1,10,1,1,0,0,1,0
2213,0,1,22,0,1,22,0,1,35,0,1,0
2355,0,0,163,0,0,206,0,0,188,0,0,234
2050,1,1,0,1,1,40,1,1,0,1,1,11
1451,0,1,7,0,1,57,0,1,19,0,1,35
1613,0,1,55,0,1,95,1,1,0,0,1,0
1312,0,0,82,0,1,39,0,0,123,0,1,140
2083,1,1,0,1,1,172,1,1,35,1,1,29
1105,0,0,0,1,1,20,0,0,0,1,1,0
2169,0,0,2,0,1,21,0,0,49,0,0,33
1219,0,1,161,0,1,138,0,0,296,0,0,178
1499,0,1,0,1,1,68,0,1,35,1,1,8
1573,0,1,0,1,1,0,0,1,19,1,1,0
2568,1,1,0,0,1,0,1,1,0,0,1,33
1073,1,1,32,1,1,20,1,1,59,1,1,0
1690,0,0,265,0,0,464,0,0,508,0,0,552
1142,1,1,0,1,1,3,1,1,0,1,1,6
2297,1,1,0,1,1,19,0,1,25,0,1,2
1696,0,1,0,0,1,0,0,1,0,0,1,0
2351,1,1,0,1,1,0,1,1,7,0,0,64
2344,0,0,320,0,0,253,0,1,146,0,0,140
1958,0,1,15,0,1,22,0,1,1,0,1,122
1680,0,1,213,0,1,233,0,0,253,0,0,242
1164,0,0,96,0,0,101,0,0,17,0,0,34
2092,0,0,69,0,0,0,0,1,1,0,1,1
1077,0,0,80,0,0,151,0,0,62,1,1,31
2099,1,1,0,1,1,159,1,1,11,1,1,0
968,0,1,2,0,1,15,0,0,18,0,1,9
2060,0,0,310,0,0,305,0,0,53,1,1,25
1343,0,0,115,0,0,195,0,0,39,0,0,225
1010,0,1,0,1,1,52,0,1,74,0,1,0
1921,0,0,2,0,1,2,1,1,2,0,1,0
1370,1,1,45,0,1,0,1,1,114,1,1,55
1052,0,0,13,0,1,69,0,0,91,0,0,99
885,0,0,377,0,1,391,0,1,447,0,1,462
2291,1,1,0,1,1,0,1,1,0,1,1,5
1901,0,1,0,1,1,1,1,1,13,1,1,7
1849,1,1,0,1,1,33,1,1,58,1,1,0
1433,1,1,0,1,1,53,0,1,13,1,1,0
927,0,0,69,0,0,56,0,0,192,0,0,79
1883,1,1,22,1,1,6,0,1,319,0,0,345
1766,1,1,0,1,1,0,1,1,7,1,1,0
1615,0,0,67,0,0,14,0,0,0,0,1,3
2044,0,0,12,0,0,408,0,1,0,1,1,0
1790,0,1,0,1,1,35,0,1,18,0,0,13
1551,0,1,117,0,1,22,0,1,132,0,0,1702
1525,0,1,0,1,1,0,1,1,24,0,0,0
1761,0,1,66,0,1,110,0,0,198,0,0,259
1099,0,0,36,0,1,48,1,1,0,0,1,64
2064,0,1,0,1,1,0,1,1,5,0,1,16
1864,1,1,0,1,1,20,0,1,140,0,1,51
1261,0,0,86,0,0,110,0,0,42,0,0,157
1622,0,1,23,0,0,23,0,1,23,0,0,32
1589,1,1,0,1,1,0,1,1,5,0,1,18
2143,0,0,0,0,0,0,0,0,1,0,0,1
1344,0,1,231,0,1,104,0,0,64,0,0,35
976,0,0,50,0,0,142,0,0,105,0,0,80
1513,1,1,64,0,1,33,1,1,103,1,1,17
1255,0,0,74,0,0,57,0,0,133,0,0,166
1099,1,1,0,1,1,31,1,1,3,1,1,10
2188,0,1,5,0,1,2,1,1,0,1,1,17
1794,0,0,248,0,0,489,0,0,434,0,0,425
2132,1,1,19,0,1,44,0,0,8,0,1,26
1818,1,1,0,1,1,104,0,1,4,0,1,24
1500,1,1,0,1,1,8,0,1,26,0,1,0
1305,1,1,0,1,1,16,0,1,121,0,0,81
1716,1,1,0,1,1,38,0,1,2439,0,0,2593
1363,0,0,263,0,0,73,0,0,75,0,0,107
1719,1,1,40,0,1,0,0,1,49,0,0,114
2362,0,0,19,0,0,0,0,0,52,0,0,27
1522,0,0,102,0,0,218,0,0,100,0,0,120
2371,0,0,12,0,1,63,1,1,0,1,1,13
1655,0,1,8,0,1,33,1,1,12,1,1,17
1463,1,1,0,1,1,61,1,1,8,1,1,12
1246,0,0,91,0,0,55,0,0,132,0,0,39
2110,1,1,43,0,1,24,1,1,0,1,1,0
1913,0,0,44,0,0,42,0,0,35,0,0,29
2150,1,1,0,1,1,11,1,1,37,1,1,35
1802,1,1,0,1,1,0,1,1,63,1,1,29
1327,1,1,74,0,1,47,0,1,3,0,1,17
1075,0,0,667,0,0,553,0,0,1978,0,0,1973
2394,1,1,15,1,1,24,1,1,11,1,1,31
1379,1,1,0,1,1,0,1,1,0,1,1,0
1803,0,0,28,0,1,24,0,1,13,0,1,21
1876,0,1,64,0,1,76,0,0,95,0,0,140
2400,1,1,0,1,1,0,0,1,66,0,1,57
1195,0,0,23,0,1,17,0,0,39,0,0,31
1990,0,1,0,1,1,67,0,1,6,0,0,50
1740,0,1,109,0,1,44,0,0,136,0,0,73
1071,0,0,270,0,0,240,0,0,308,0,0,258
1365,1,1,0,1,1,0,0,0,0,0,0,0
1845,0,1,20,0,1,75,0,0,36,0,0,40
1280,0,1,309,0,1,267,1,1,128,0,1,12
1766,1,1,6,1,1,0,1,1,0,1,1,0
954,1,1,0,1,1,33,1,1,0,1,1,4
906,1,1,38,1,1,47,1,1,0,1,1,27
2213,0,1,55,0,1,0,0,1,0,1,1,30
1073,1,1,1,1,1,55,1,1,0,0,1,3
1811,0,1,37,0,0,64,0,0,158,0,0,45
1542,0,0,12,0,1,69,0,1,25,0,0,33
2035,0,0,67,0,0,70,0,1,42,0,0,70
1659,0,1,129,0,1,283,1,1,0,1,1,4
1148,0,1,0,1,1,38,1,1,0,1,1,17
1523,1,1,0,1,1,65,1,1,0,1,1,0
1944,0,0,132,0,0,129,0,0,243,0,0,271
1838,0,0,65,0,0,11,0,1,11,0,1,0
2432,1,1,0,1,1,107,0,1,81,0,0,236
1117,0,1,248,0,0,242,0,0,20,0,0,78
975,1,1,11,0,1,13,1,1,41,1,1,1640
1261,0,0,131,0,0,3018,0,0,3011,0,0,3025
1769,0,0,4,0,0,29,0,0,12,0,0,4
2077,1,1,0,1,1,159,1,1,0,1,1,0
2200,0,1,44,0,1,222,0,0,92,0,0,211
1733,0,1,84,0,1,54,0,1,0,1,1,24
1296,0,0,319,0,1,335,0,1,169,0,1,249
1653,0,0,109,0,0,178,0,1,72,0,1,122
2262,1,1,0,1,1,36,1,1,0,1,1,22
1531,0,0,38,0,0,25,1,1,3,0,0,33
1382,0,0,39,0,1,107,0,1,87,0,0,57
1248,0,0,96,0,0,56,0,0,48,0,1,60
2223,0,0,51,0,1,96,0,0,115,0,1,153
1972,0,1,10,0,1,7,0,1,0,0,1,19
1659,0,1,6,1,1,14,1,1,0,1,1,14
2008,0,0,25,0,1,41,0,0,0,0,1,9
1378,1,1,0,1,1,0,1,1,35,1,1,0
2098,1,1,0,1,1,45,0,1,71,0,1,49
952,0,0,177,0,0,8,0,0,64,0,0,62
1819,0,0,151,0,0,208,0,0,159,0,0,85
1819,1,1,0,0,1,104,0,1,60,0,0,35
1807,0,1,0,1,1,25,1,1,0,1,1,0
1678,0,0,59,0,1,157,0,0,116,0,0,180
1302,0,0,3,0,1,12,0,0,52,0,0,97
1165,0,1,20,0,1,16,0,1,39,0,1,12
1017,1,1,2,1,1,55,1,1,54,0,0,59
1548,1,1,41,0,1,0,1,1,60,1,1,72
2127,1,1,88,1,1,33,1,1,84,1,1,32
1913,1,1,0,1,1,36,1,1,18,0,1,22
1896,1,1,0,1,1,0,1,1,0,1,1,0
1481,0,0,2,0,1,39,0,1,91,1,1,0
1344,0,1,46,0,0,25,0,1,0,0,1,6
1511,0,1,117,0,1,0,0,1,18,0,1,75
1070,0,1,0,1,1,93,0,1,46,0,0,59
1775,0,0,0,1,1,0,1,1,94,0,1,40
1873,1,1,76,1,1,0,0,0,0,1,1,15
2124,1,1,0,1,1,69,0,0,99,0,0,28
2037,1,1,0,1,1,0,0,1,83,0,1,113
1921,0,0,2,0,0,3,0,1,0,0,1,0
1542,0,0,88,0,0,90,0,0,103,0,0,134
2028,0,1,17,0,1,37,0,0,68,0,0,112
1852,0,0,63,0,0,96,0,0,27,0,0,90
1430,0,0,75,0,1,101,0,0,74,0,0,28
1731,0,1,152,0,1,150,0,1,42,0,0,0
1901,0,0,30,0,1,16,1,1,0,0,1,0
1086,1,1,0,1,1,55,1,1,0,1,1,0
1322,0,1,1,0,1,45,0,1,85,0,1,39
1563,1,1,0,1,1,81,0,1,13,0,1,35
1417,0,0,481,0,0,494,0,0,6,0,0,29
2150,1,1,0,1,1,0,1,1,29,0,1,0
1068,0,1,0,1,1,187,0,1,277,0,1,155
1843,0,0,55,0,1,41,0,0,0,0,0,0
2185,0,0,107,0,0,148,0,0,52,0,0,53
1986,1,1,11,0,1,0,1,1,42,1,1,9
2057,0,0,8,0,1,97,0,0,116,0,0,148
1948,1,1,0,1,1,84,0,0,0,1,1,0
2827,0,0,18,0,0,98,0,0,84,0,0,116
1606,0,0,2,0,1,3,0,0,283,0,1,660
1312,0,0,119,0,1,117,0,1,78,0,1,41
1358,0,0,53,0,1,126,0,0,96,0,0,75
1753,0,0,1996,0,0,1985,0,0,1885,0,0,1873
2563,1,1,0,1,1,0,0,1,0,1,1,30
2245,1,1,0,1,1,49,0,1,117,0,0,103
1135,1,1,0,1,1,0,1,1,0,1,1,16
939,1,1,0,1,1,0,0,1,18,1,1,0
2381,0,1,0,1,1,0,0,1,0,1,1,0
1638,0,0,176,0,0,39,0,0,61,0,0,54
1844,0,0,174,0,0,172,0,0,0,0,0,23
1688,0,1,145,0,1,79,0,1,51,0,0,97
1726,0,1,0,0,1,0,1,1,52,1,1,25
1746,0,0,41,0,0,84,0,0,157,0,0,155
2124,0,1,0,1,1,0,0,1,0,0,1,1890
1667,0,0,15,0,1,31,0,0,0,0,0,38
1096,0,0,301,0,0,127,0,0,83,0,0,141
1019,1,1,0,1,1,11,0,1,0,1,1,0
2235,0,1,91,0,0,8,0,0,50,0,1,43
2106,1,1,0,0,1,0,1,1,0,1,1,0
1654,0,1,27,0,1,35,0,1,0,0,1,5
1638,0,1,3,1,1,21,0,1,11,1,1,0
1662,0,0,14,0,1,10,0,0,73,0,0,1
1707,0,0,78,0,0,104,0,1,75,0,0,45
1526,0,0,107,0,0,99,0,0,98,0,0,41
1326,0,0,79,0,1,57,0,1,17,1,1,0
1915,0,1,19,0,1,19,0,1,86,0,1,56
1554,0,0,0,1,1,45,0,1,0,1,1,23
1633,1,1,42,0,1,68,0,0,0,0,1,0
1617,1,1,0,1,1,36,0,1,127,0,1,205
1056,0,0,86,0,0,14,0,0,48,0,0,54
2032,0,1,73,0,1,0,0,1,4,1,1,45
1434,0,0,17,0,1,42,0,0,29,0,0,70
1703,1,1,0,1,1,33,0,1,39,0,1,51
1847,0,1,40,0,1,17,0,0,73,0,0,2951
1532,1,1,44,1,1,29,1,1,3,0,1,0
1282,1,1,29,1,1,30,0,1,3,1,1,22
1531,1,1,0,0,1,147,1,1,3,1,1,628
2267,0,0,0,0,1,6,1,1,0,0,1,19
1470,1,1,0,1,1,23,0,1,119,0,0,171
1521,0,1,54,0,1,59,1,1,24,1,1,0
1914,0,0,42,0,0,58,0,0,48,0,0,17
1851,0,0,0,1,1,93,0,1,0,1,1,0
2276,0,0,79,0,0,80,0,0,58,0,0,25
1115,0,1,29,0,1,108,0,0,76,0,0,46
1115,0,0,44,0,0,0,1,1,12,1,1,10
1393,0,0,75,0,0,176,0,0,45,0,0,36
2695,1,1,0,1,1,144,0,1,44,0,1,74
1111,0,1,0,0,1,0,1,1,9,1,1,0
937,0,0,12,0,1,62,0,0,131,0,0,167
1408,0,0,25,0,1,58,0,0,83,0,0,72
580,0,1,157,0,0,132,0,0,0,1,1,0
1489,0,0,0,1,1,82,0,1,38,0,1,44
1451,0,0,6,0,1,101,0,0,41,0,0,13
1754,0,0,261,0,0,490,0,0,714,0,0,673
1700,0,0,73,0,0,36,0,0,36,0,1,72
2166,0,0,299,0,0,300,0,0,398,0,0,478
1383,0,0,35,0,1,54,0,0,18,0,0,27
2426,0,1,0,1,1,0,1,1,32,1,1,30
2204,1,1,0,1,1,37,1,1,26,1,1,7
1745,0,0,17,0,0,24,0,1,24,0,0,35
897,0,0,176,0,0,200,0,0,426,0,0,343
1990,1,1,0,1,1,35,1,1,21,1,1,0
1588,0,0,89,0,0,9,1,1,13,1,1,15
2706,1,1,0,1,1,38,1,1,51,1,1,0
2211,0,1,39,0,1,91,0,0,63,0,1,19
1206,0,0,0,0,1,0,0,1,41,0,0,13
2078,0,0,70,0,0,59,0,1,35,0,0,0
1451,0,0,0,1,1,18,0,0,17,0,0,17
1830,1,1,0,1,1,9,0,1,28,0,0,60
596,1,1,196,0,1,231,0,0,155,0,0,217
1312,0,0,0,1,1,30,0,0,207,0,0,195
2006,0,0,13,0,0,64,0,0,30,0,0,64
1825,0,0,212,0,1,236,0,0,295,0,0,325
2187,0,0,94,0,0,26,0,1,105,0,1,152
2118,0,0,245,0,0,400,0,1,126,0,0,64
2060,0,1,98,0,0,108,0,0,61,0,0,90
1408,0,1,157,0,1,102,0,1,9,0,1,2
1857,0,1,0,1,1,65,0,1,0,1,1,17
1059,0,0,43,0,0,49,0,1,102,0,1,35
1884,0,1,1,0,1,0,0,0,65,0,0,94
1994,1,1,0,1,1,0,0,1,88,0,1,40
1760,0,0,63,0,0,40,0,0,24,0,0,14
1367,1,1,9,1,1,11,0,1,77,0,1,77
2445,0,0,0,1,1,28,1,1,11,0,0,14
1968,0,0,343,0,0,358,0,0,55,0,1,90
1066,0,1,0,1,1,0,0,1,48,0,0,41
1921,0,0,0,1,1,0,0,1,0,1,1,0
2050,0,0,162,0,0,138,0,0,59,0,0,64
1395,0,1,24,0,1,27,0,0,33,0,0,30
2102,0,1,2057,0,1,1874,0,1,5,0,1,4
2253,1,1,0,1,1,33,1,1,98,0,1,0
1507,0,0,44,0,1,38,0,1,182,0,0,347
2141,0,0,41,0,0,39,0,0,54,0,0,41
1001,0,1,346,0,0,456,0,0,433,0,0,425
1937,0,0,87,0,0,78,0,0,119,0,1,123
2139,0,0,83,0,0,0,1,1,55,1,1,35
1419,1,1,26,1,1,0,1,1,0,0,0,14
2177,0,0,147,0,0,147,0,1,476,0,0,321
1180,0,0,563,0,1,592,0,1,18,0,1,2
1966,1,1,8,1,1,67,0,0,42,0,0,37
2141,0,0,52,0,0,70,0,0,103,0,0,113
1641,1,1,0,1,1,47,1,1,8,1,1,1
2140,0,0,37,0,0,103,0,0,68,0,0,88
2110,0,0,37,0,1,70,0,0,56,0,0,40
1126,0,0,685,0,0,362,0,0,569,0,0,838
2270,1,1,0,1,1,61,1,1,30,1,1,0
1213,0,0,65,0,1,50,1,1,62,0,0,23
1822,0,0,33,0,0,108,0,0,179,0,0,53
1634,0,1,27,0,1,0,1,1,59,0,0,51
1396,0,1,0,0,1,6,0,1,70,0,1,62
1140,0,0,2296,0,0,2296,0,0,2102,0,0,2064
2066,0,1,33,0,0,40,0,1,31,0,0,39
1677,1,1,0,1,1,67,0,1,29,0,1,0
1997,0,1,105,1,1,73,0,0,97,0,0,33
1289,0,1,15,0,1,15,0,1,22,0,1,19
2244,0,0,16,0,1,39,0,0,161,0,0,105
1775,0,1,0,1,1,56,1,1,0,1,1,44
2666,0,0,26,1,1,31,0,1,43,0,0,28
1200,0,0,0,1,1,99,0,1,32,0,0,25
1646,0,1,33,0,1,0,0,1,39,1,1,18
1990,1,1,18,0,1,58,0,1,26,1,1,28
2536,0,0,129,0,0,102,0,0,113,0,0,55
1396,0,1,0,1,1,46,0,1,31,0,0,51
1361,1,1,0,0,1,56,1,1,10,0,1,11
1498,0,1,46,0,1,43,1,1,21,1,1,0
1842,0,0,56,0,1,4,1,1,0,0,1,0
1523,0,0,47,0,0,91,0,0,95,0,0,113
1724,1,1,94,0,1,49,0,0,81,0,0,50
1038,1,1,0,1,1,0,1,1,20,0,1,1
1439,0,0,0,1,1,0,1,1,0,1,1,0
1465,0,0,0,1,1,0,0,1,39,0,1,0
1342,0,0,59,0,0,70,0,0,84,0,0,90
2018,0,1,21,1,1,48,1,1,18,1,1,0
1645,0,1,26,0,0,127,0,0,114,0,1,217
1996,0,0,128,0,0,173,0,0,124,0,0,128
1851,0,0,90,0,0,0,0,1,0,0,1,264
2345,0,0,3,0,1,12,0,1,7,0,0,5
2406,0,1,0,1,1,30,1,1,24,1,1,12
1436,0,1,7,0,1,117,0,0,17,1,1,0
1911,0,0,58,0,0,58,0,0,35,0,0,43
1448,0,0,969,0,0,990,0,0,1110,0,0,1143
1776,0,1,9,0,0,77,0,0,48,0,0,81
1040,0,1,154,0,1,214,0,1,218,0,0,283
1641,0,1,38,0,1,31,0,0,67,0,0,108
1696,1,1,5,1,1,39,0,0,10,0,0,51
1861,0,0,1805,0,0,1857,0,0,1907,0,0,1898
1765,1,1,26,0,1,0,0,1,0,1,1,0
1578,1,1,53,1,1,0,1,1,0,0,1,27
2136,0,0,116,0,0,77,1,1,12,1,1,9
1392,0,0,123,0,1,86,0,0,1823,0,1,1835
885,0,0,15,0,0,47,0,0,8,1,1,15
963,1,1,0,1,1,21,1,1,0,0,1,23
1742,0,1,70,0,0,141,0,0,51,0,0,68
2183,0,0,0,1,1,33,0,1,37,1,1,0
991,1,1,0,1,1,0,1,1,31,1,1,0
1714,0,1,57,0,0,41,1,1,1,0,1,4
1487,1,1,0,1,1,0,0,1,58,0,0,38
1424,0,1,0,0,1,0,1,1,9,1,1,0
2448,0,1,0,1,1,82,0,1,0,0,0,69
1401,0,0,27,0,1,94,0,0,88,0,0,83
1254,1,1,0,1,1,48,0,1,122,0,0,50
2271,0,0,0,0,1,72,0,0,73,0,0,84
2342,0,1,26,0,1,29,0,1,0,1,1,19
2685,0,1,49,0,1,153,0,1,14,0,1,99
2151,1,1,0,1,1,49,1,1,0,1,1,23
1715,1,1,9,0,1,22,0,1,0,1,1,1
1839,0,0,98,0,0,65,0,0,29,0,1,81
1775,0,0,0,1,1,0,1,1,14,1,1,1
1595,0,1,0,0,1,30,0,1,82,0,1,2
1898,1,1,0,1,1,63,1,1,39,0,1,46
2158,0,0,144,0,1,14,0,0,0,0,0,36
1180,1,1,194,0,0,413,0,0,177,0,0,223
1918,0,0,53,0,0,12,0,0,48,0,1,15
1787,0,1,7,0,1,4,0,0,1,0,1,7
1477,0,1,395,0,0,451,0,0,573,0,0,475
1760,0,0,279,0,1,388,0,0,143,0,0,201
2047,0,0,0,1,1,78,0,0,47,0,0,32
1960,1,1,0,1,1,11,1,1,0,1,1,0
1596,1,1,0,1,1,42,1,1,13,1,1,2
2208,1,1,0,1,1,15,0,1,0,1,1,24
1497,0,0,111,0,0,82,0,0,32,0,0,61
960,0,1,0,0,1,4,1,1,0,0,1,19
2127,0,1,21,0,1,72,0,0,0,0,0,0
1169,0,0,152,0,1,45,0,0,171,0,0,187
2205,0,1,17,0,1,13,1,1,36,1,1,0
1342,0,0,97,0,0,104,1,1,0,0,0,68
1109,0,0,20,0,1,0,0,1,0,0,1,0
2223,1,1,0,1,1,0,1,1,0,1,1,0
2473,1,1,0,0,0,22,1,1,1,1,1,0
1023,0,0,140,0,0,159,0,0,250,0,0,50
1888,1,1,0,1,1,0,1,1,0,1,1,0
1391,0,0,73,0,0,122,0,0,0,0,0,107
1114,0,1,4,0,1,4,0,1,44,0,1,40
1681,0,1,92,0,0,225,0,0,132,0,0,174
615,0,0,79,0,1,79,0,0,45,0,0,95
1795,0,0,74,0,0,117,0,0,26,0,0,0
2542,1,1,8,1,1,57,0,1,0,1,1,0
1739,1,1,0,1,1,66,1,1,0,1,1,28
1365,1,1,0,1,1,58,1,1,54,1,1,9
2051,0,0,17,0,1,72,0,0,94,0,0,0
1645,0,0,92,0,1,96,0,1,262,0,1,287
1806,1,1,0,1,1,0,1,1,61,1,1,0
2100,0,0,0,1,1,47,0,0,65,0,0,45
1638,0,0,18,0,1,113,0,0,101,0,0,62
1151,1,1,0,1,1,30,1,1,0,1,1,0
1790,0,0,0,1,1,62,0,0,250,0,0,389
1255,1,1,0,1,1,0,1,1,33,0,1,4
1675,0,0,568,0,0,39,0,0,1,0,0,22
2100,0,0,130,0,0,289,0,0,166,0,0,153
1470,0,0,0,1,1,39,1,1,42,0,1,51
1869,0,0,52,0,0,137,0,0,38,0,1,21
2288,1,1,5,1,1,18,0,1,55,0,1,5
1262,1,1,14,1,1,10,0,1,60,1,1,0
549,0,0,92,0,1,537,0,0,2034,0,0,1865
1566,0,1,0,1,1,46,0,0,101,0,0,45
2193,0,1,0,1,1,0,1,1,18,1,1,0
1712,1,1,0,1,1,45,0,1,43,0,1,34
1077,0,0,3547,0,0,3547,0,0,3278,0,0,3269
1219,0,0,0,1,1,70,0,0,11,0,1,0
1655,0,0,6,0,0,13,0,0,24,0,0,34
1791,1,1,19,0,1,97,0,0,9,0,1,34
2349,0,1,72,0,1,0,0,1,14,0,1,3
1493,0,1,0,1,1,45,0,0,126,0,0,94
1459,0,1,86,0,1,35,0,1,97,0,0,95
1769,1,1,241,0,0,108,1,1,20,1,1,76
1210,0,1,18,0,1,22,0,1,201,0,1,127
1792,0,1,28,0,1,13,0,1,76,0,1,47
2167,0,0,43,0,1,0,1,1,0,0,1,0
1420,0,0,92,0,0,89,0,0,139,0,0,119
1981,0,1,54,0,1,93,1,1,42,0,1,29
1757,0,0,267,0,0,69,0,0,85,0,0,0
2139,0,1,0,1,1,5,1,1,34,1,1,7
1253,0,0,182,0,0,217,0,0,295,0,0,252
1886,0,0,14,0,1,30,0,0,124,0,0,66
1162,0,0,208,0,0,306,0,0,416,0,0,282
1681,0,0,0,0,1,24,0,0,52,0,0,11
1899,0,1,46,0,1,119,0,0,82,0,0,97
1452,0,0,94,0,0,21,0,0,73,0,0,109
1696,0,1,0,1,1,105,1,1,0,0,1,9
1454,1,1,0,1,1,0,1,1,61,1,1,2
1968,0,0,0,1,1,35,1,1,94,0,0,35
2406,0,1,0,1,1,48,1,1,21,1,1,15
1761,0,1,0,1,1,0,1,1,31,1,1,0
2414,0,0,9,0,1,37,1,1,0,0,0,57
2046,0,1,0,1,1,0,1,1,0,1,1,4
1913,0,1,32,0,1,71,0,1,89,0,1,0
1956,0,0,0,1,1,31,0,0,8,0,1,0
1209,0,0,3,0,1,52,0,0,11,0,0,14
2161,0,1,10,0,1,7,0,1,6,0,0,25
1452,0,1,0,1,1,0,0,1,8,0,1,0
2234,0,0,14,0,1,64,0,0,99,0,0,45
1847,0,1,48,0,0,93,0,0,0,0,0,72
1281,0,0,144,0,0,149,0,0,142,0,0,76
2141,1,1,0,1,1,58,1,1,0,1,1,0
1058,0,1,10,0,1,16,0,1,0,0,1,0
1231,0,1,12,0,1,10,1,1,0,0,0,21
1638,0,0,55,0,0,12,0,0,123,0,0,65
1792,0,0,24,0,1,58,0,0,96,0,0,38
2072,0,1,25,0,1,49,0,1,26,0,0,42
2107,1,1,2231,0,0,2113,0,0,2124,0,0,2099
1500,0,1,23,0,1,0,1,1,48,1,1,1379
916,1,1,0,1,1,0,1,1,91,1,1,0
2069,0,0,0,1,1,21,1,1,42,1,1,6
1476,0,1,103,0,1,36,0,1,87,0,1,144
2222,1,1,297,1,1,0,0,1,2424,1,1,0
2452,0,0,2,0,1,8,1,1,0,0,1,62
1397,0,0,120,0,0,3,0,0,73,0,0,66
1811,0,1,219,0,1,292,0,0,307,0,0,270
1728,0,0,42,0,1,38,0,0,123,0,0,105
1801,0,0,22,0,1,107,0,0,0,0,1,4
1839,1,1,0,1,1,12,1,1,0,1,1,0
2533,0,0,420,0,0,277,0,0,647,0,0,3516
1360,0,0,56,0,0,14,0,0,26,0,1,17
1062,1,1,0,1,1,0,0,1,0,0,1,0
1387,0,0,76,0,0,63,0,0,62,0,0,93
2092,1,1,0,1,1,52,1,1,39,0,1,33
1929,0,0,178,0,0,74,0,1,83,0,1,0
2344,0,1,7,0,1,207,0,0,418,0,0,2164
2429,0,0,88,0,1,203,0,0,74,0,0,72
1863,1,1,17,0,1,13,1,1,53,0,1,26
1614,0,1,14,1,1,0,1,1,0,1,1,28
2267,1,1,2,1,1,44,0,0,0,1,1,9
1499,0,1,0,1,1,52,0,0,68,0,1,6
1301,1,1,101,0,1,56,1,1,62,0,0,16
2367,0,0,91,0,0,115,0,1,39,0,1,118
1827,0,1,7,0,1,471,0,1,3,1,1,21
1175,0,0,3,0,1,69,0,0,137,0,0,88
2110,1,1,15,0,0,9,0,1,17,1,1,6
1750,0,0,122,0,0,0,0,1,26,0,1,21
1757,1,1,0,1,1,0,0,1,8,0,1,0
1993,0,1,100,0,1,78,1,1,0,1,1,0
2065,0,1,0,1,1,0,1,1,88,0,1,0
1605,1,1,0,1,1,51,0,0,160,0,0,37
549,0,0,201,0,0,112,0,0,287,0,0,294
1411,0,0,35,0,0,61,0,0,99,0,0,102
1641,0,1,55,0,1,25,1,1,0,1,1,2
1807,0,0,0,1,1,61,1,1,0,1,1,27
1353,0,1,0,1,1,0,0,1,6,1,1,0
1053,0,1,135,0,0,93,0,1,109,0,0,136
2282,1,1,0,1,1,10,1,1,15,0,1,12
1266,1,1,8,1,1,119,1,1,11,1,1,0
1633,0,0,0,0,1,101,0,1,33,0,0,33
2219,0,1,5,0,0,79,0,0,77,0,0,57
2077,1,1,0,0,1,31,0,1,38,0,1,76
1363,0,0,99,0,0,127,0,0,190,0,0,132
1206,0,1,28,0,1,0,0,1,17,1,1,0
2081,1,1,0,1,1,0,1,1,94,1,1,88
1137,0,0,24,0,1,24,0,1,68,0,1,16
1247,1,1,0,1,1,198,1,1,60,0,1,55
1342,0,0,0,0,0,27,1,1,0,1,1,39
1944,1,1,0,1,1,0,1,1,0,1,1,0
1358,0,0,406,0,0,427,0,0,524,0,0,458
1700,0,1,6,0,1,18,0,0,104,0,1,158
1808,0,0,85,0,1,189,0,1,18,1,1,5
1901,0,1,14,0,1,27,0,1,83,0,1,40
2139,0,0,17,0,0,57,0,0,171,0,0,103
1612,0,0,4,0,1,41,0,1,0,0,1,38
1634,0,0,23,0,1,62,0,1,29,0,1,28
2146,0,0,49,0,1,25,0,0,37,0,0,21
2170,0,0,119,0,0,36,0,0,13,0,1,0
1922,0,0,56,0,0,370,0,0,311,0,0,1915
2440,1,1,0,1,1,58,1,1,100,1,1,70
1729,0,0,72,0,0,69,0,0,48,0,0,50
1603,1,1,0,1,1,28,1,1,8,1,1,16
1846,1,1,24,0,1,14,0,1,21,0,0,43
1143,1,1,0,1,1,0,1,1,0,1,1,0
1514,0,0,0,1,1,22,0,0,38,0,0,24
1203,0,1,0,1,1,59,0,1,45,0,1,47
1255,1,1,0,1,1,20,1,1,43,0,1,24
2150,0,1,65,0,1,41,0,0,33,0,0,0
1418,0,1,485,0,0,660,0,0,552,0,0,703
2449,1,1,0,1,1,29,0,1,53,1,1,36
1924,0,0,0,1,1,0,0,1,50,1,1,2039
1702,0,0,32,0,0,0,1,1,87,0,0,14
2547,0,1,17,0,1,110,1,1,36,0,1,16
2097,1,1,182,1,1,39,0,1,16,1,1,29
1360,0,0,391,0,0,33,0,0,138,0,0,1850
1886,0,1,155,0,1,0,0,1,44,0,1,70
1870,1,1,0,1,1,71,0,1,19,1,1,0
1164,0,0,1,0,1,34,0,1,15,0,1,14
2344,0,1,0,1,1,59,1,1,30,0,0,35
2526,0,0,63,0,0,63,0,0,70,0,0,46
1453,1,1,77,1,1,0,1,1,0,1,1,8
1099,0,0,170,0,0,236,0,0,252,0,0,275
2486,0,1,0,0,1,0,0,0,0,0,0,0
1495,0,1,17,0,1,57,0,0,120,0,0,100
1985,0,0,181,0,1,282,0,0,2114,0,0,2056
1341,0,1,74,0,1,111,0,1,71,0,0,53
1962,1,1,38,0,1,60,0,1,70,0,0,86
2445,1,1,0,1,1,0,1,1,0,1,1,145
1428,0,1,229,0,0,238,0,0,13,1,1,0
2538,0,1,44,0,1,106,0,0,42,0,0,37
2533,0,0,167,0,0,100,0,0,132,0,0,84
2048,0,1,408,0,0,472,0,0,689,0,0,893
2106,0,1,15,0,1,11,1,1,0,1,1,0
1384,1,1,52,1,1,38,1,1,26,1,1,0
2265,0,0,22,0,0,35,0,0,147,0,0,325
1913,0,0,0,1,1,28,1,1,9,0,0,0
2444,1,1,0,1,1,16,1,1,74,1,1,14
1678,0,0,9,0,1,20,0,1,0,0,1,9
1859,0,0,13,0,0,0,0,0,40,0,1,0
2095,0,1,0,1,1,42,0,1,31,0,1,0
1839,0,1,50,0,0,145,0,0,0,0,1,18
1772,0,0,67,0,1,110,0,0,46,0,0,59
1927,0,0,255,0,0,260,0,0,232,0,0,152
1841,0,1,19,0,1,0,1,1,8,0,1,0
1985,0,0,18,0,0,3,0,0,0,0,0,1
1011,0,0,68,0,0,95,0,0,113,0,0,113
1891,1,1,0,1,1,0,1,1,10,1,1,20
1159,0,0,58,0,0,75,0,0,38,0,0,38
1632,0,0,56,0,0,68,0,1,26,0,0,11
1489,1,1,0,1,1,139,0,0,151,0,0,105
1482,0,1,100,0,1,212,0,1,149,0,0,111
1522,0,0,39,0,1,0,0,0,127,0,0,38
1688,0,0,0,0,1,11,0,0,109,0,1,76
1367,0,0,16,0,1,55,0,0,123,0,0,139
1621,0,0,229,0,1,290,0,0,32,0,1,0
2685,0,1,14,0,1,22,0,1,15,0,1,0
1444,0,0,8,0,1,33,0,0,148,0,0,93
1153,0,0,23,0,0,32,0,0,139,0,0,102
2407,0,0,12,0,1,70,1,1,56,0,1,51
1580,0,0,0,1,1,77,0,1,56,0,0,71
978,0,1,48,0,1,117,0,0,40,0,0,31
937,0,0,108,0,0,29,1,1,0,1,1,0
2057,0,0,14,0,0,67,0,0,19,1,1,1
1625,1,1,3,1,1,39,1,1,0,1,1,0
1202,0,1,13,0,1,24,0,1,0,0,1,11
1739,0,0,205,0,0,332,0,0,336,0,0,303
2314,0,0,41,0,0,0,1,1,49,0,0,11
2054,0,0,387,0,0,398,0,0,392,0,0,329
1793,0,0,126,0,0,137,0,0,203,0,0,213
1259,0,0,67,0,0,46,0,0,23,0,0,34
991,0,1,11,0,1,122,0,1,9,0,1,210
1613,1,1,0,1,1,2,1,1,1,1,1,4
1689,0,0,79,0,1,106,0,0,33,0,0,44
1324,0,0,108,0,0,25,0,0,99,0,0,218
1800,1,1,0,1,1,0,1,1,2,1,1,0
1900,0,1,73,0,0,26,0,1,22,0,0,52
1542,0,0,0,1,1,0,1,1,0,1,1,25
1715,0,0,0,0,0,11,0,0,80,0,0,0
1281,1,1,0,1,1,14,0,0,1354,0,0,2
1382,0,0,206,0,0,214,0,0,140,0,0,152
1308,0,0,23,0,1,79,0,0,84,0,0,53
1650,1,1,0,1,1,39,1,1,0,0,1,0
1886,0,1,55,0,1,0,0,0,82,0,0,105
1904,0,0,6,0,1,26,0,0,14,0,0,79
1630,1,1,0,1,1,34,1,1,0,1,1,0
1323,0,0,83,0,0,49,0,0,188,0,0,208
1687,0,0,0,0,0,0,0,0,0,0,0,0
1209,0,0,0,1,1,38,0,0,50,0,1,22
1817,0,0,0,0,1,114,0,0,67,0,0,58
1414,0,0,90,0,1,0,0,0,140,0,0,212
944,0,0,108,0,0,152,0,0,35,0,0,49
2025,1,1,0,1,1,54,1,1,0,1,1,0
1841,0,0,158,0,0,137,0,0,99,0,0,91
1930,0,1,0,1,1,69,0,0,204,0,0,322
1641,0,0,164,0,0,161,0,0,133,0,0,63
1836,0,1,4,0,1,1,1,1,1,1,1,3
1975,0,1,20,0,1,0,0,0,0,1,1,32
2345,0,0,0,1,1,15,1,1,1,0,1,3
1848,0,1,0,1,1,18,0,1,16,0,1,0
1753,0,0,138,0,0,59,1,1,221,0,0,119
1582,0,1,0,1,1,24,0,1,17,0,0,23
1577,0,1,0,1,1,22,1,1,0,1,1,14
1769,0,1,28,0,1,54,0,0,33,0,0,31
1204,0,0,62,0,1,13,0,1,53,0,1,66
1695,0,0,0,1,1,0,0,1,88,0,0,84
810,0,0,30,0,0,123,0,0,76,0,0,103
1626,0,0,94,0,1,3,0,0,26,0,0,21
2028,0,1,8,0,1,0,1,1,0,1,1,3
2110,0,0,11,0,1,149,0,0,119,0,0,93
1927,0,1,0,1,1,43,1,1,0,0,1,9
2011,1,1,14,1,1,42,1,1,32,0,1,1
1948,0,0,0,1,1,1,1,1,3,1,1,14
2143,1,1,0,1,1,0,1,1,20,1,1,5
1678,0,0,68,0,0,137,0,0,121,0,0,161
2433,1,1,0,1,1,42,0,1,10,1,1,0
1581,1,1,0,1,1,1928,0,0,1646,0,0,1641
2770,1,1,0,1,1,66,1,1,2,1,1,5
1727,0,1,6,0,1,17,0,1,3,1,1,4
1480,0,1,1,0,1,10,0,0,52,0,0,64
1226,0,1,56,0,1,56,0,0,99,0,0,124
1174,1,1,151,0,1,135,0,1,62,0,1,82
910,0,0,30,0,0,3,0,1,81,0,1,125
2025,1,1,0,1,1,0,1,1,0,1,1,0
1342,0,0,42,0,1,70,0,0,11,1,1,1
1946,0,0,109,0,1,103,0,1,13,1,1,32
1500,0,0,103,0,0,123,0,0,95,0,0,109
1117,1,1,0,1,1,0,1,1,0,0,1,14
1585,0,0,25,0,1,47,0,0,25,0,0,21
2110,0,1,56,0,0,34,0,0,99,0,0,76
1909,0,1,4,0,1,81,0,0,56,0,0,33
2166,0,0,0,0,0,0,0,1,0,0,1,313
2089,0,1,83,0,0,121,0,0,137,0,0,62
1474,0,0,19,0,1,87,0,0,26,0,1,62
1204,0,0,2,0,1,30,1,1,0,0,1,0
2032,0,0,47,0,1,45,0,0,27,0,0,52
1886,0,0,0,1,1,17,0,0,0,0,0,8
2087,0,1,0,1,1,2,1,1,23,0,0,0
1579,0,0,241,0,0,216,0,0,73,0,0,206
1824,0,1,0,1,1,0,1,1,0,1,1,14
1247,0,0,99,0,0,50,0,0,71,0,0,7
1610,1,1,26,1,1,0,1,1,0,1,1,0
1501,0,0,146,0,0,277,0,0,197,0,0,313
1813,0,1,18,0,1,15,1,1,12,0,1,38
2161,1,1,0,1,1,0,1,1,36,1,1,37
1915,0,0,71,0,0,118,0,0,166,0,0,161
1743,0,1,47,0,0,40,0,1,9,0,1,62
1574,0,0,44,0,0,3,1,1,0,0,0,41
1579,1,1,0,1,1,0,1,1,55,1,1,0
1807,1,1,19,0,1,43,1,1,3205,0,0,33
1279,0,0,0,1,1,88,0,1,23,0,1,0
2010,0,1,28,0,1,42,0,0,14,1,1,34
2108,0,1,0,1,1,326,1,1,66,1,1,15
2070,1,1,0,0,0,0,1,1,20,1,1,4
2542,0,1,124,0,1,40,0,1,11,1,1,46
1984,1,1,0,0,1,2,0,0,0,1,1,0
1775,0,0,7,0,1,30,0,0,0,0,1,0
902,0,0,82,0,0,45,0,0,5,0,1,1937
2013,1,1,0,1,1,85,0,1,89,0,0,95
2011,0,0,0,1,1,0,1,1,0,0,1,0
1653,0,0,27,0,1,20,0,1,59,0,1,59
2300,0,0,37,0,1,0,0,0,62,0,0,23
1737,0,0,5,0,1,8,0,0,49,0,0,28
1487,0,1,0,1,1,0,0,1,13,0,1,0
1780,0,0,9,0,1,81,0,0,35,0,0,9
1023,0,1,174,0,1,271,0,1,273,0,1,317
1930,0,0,19,0,0,15,0,1,0,0,1,23
1737,1,1,117,1,1,6,1,1,0,1,1,0
2237,0,0,0,1,1,5,0,0,44,0,1,11
1892,0,0,338,0,0,143,0,1,83,1,1,0
1500,0,1,106,0,1,92,0,1,173,0,1,150
1543,0,0,232,0,0,337,0,0,437,0,0,440
1352,0,1,59,0,1,33,1,1,66,1,1,0
1338,0,0,74,0,0,13,0,0,139,0,0,35
1555,1,1,36,1,1,18,0,0,0,0,0,22
1851,0,1,11,0,1,90,0,0,58,0,0,123
